CITY_NAME,LATITUDE,LONGITUDE
47-Mile Mine,61.04444444,-158.14527778
Abbotsford,49.01916667,-122.38
Aberdeen,42.61111111333333,-95.82388888666667
Abilene,34.577314816666664,-98.92333332999999
Ada,34.80416667,-96.67111111
Adak Island,51.88361111,-176.6425
Afognak Lake,58.10944444,-152.90666667
Afognak Straits,58.0,-152.81666667
Afton,39.643194445,-102.90208333000001
Aglaq,70.66277778,-154.83666667
Aguadilla,18.49472222,-67.12944444
Aiken,33.64944444,-81.685
Akhiok,56.93861111,-154.1825
Akiachak,60.91388889,-161.49333333
Akiak,60.90277778,-161.23055556
Aklavik,68.22222222,-134.98583333
Akolik,68.98333333,-163.44555556
Akron,40.70935185333334,-88.71083333000001
Akulik,68.98555556,-163.47972222
Akun,54.14472222,-165.60416667
Akutan,54.13333333,-165.78333333
Alabaster,33.17777778,-86.78333333
Alakanuk,62.68305556,-164.72222222
Alameda,37.79055556,-122.32555556
Alamogordo,32.84569444,-106.05013889
Alamosa,37.435,-105.86777778
Albany,37.142361115,-78.99819443999999
Albemarle,35.41666667,-80.15083333
Albertville,34.22916667,-86.25583333
Albuquerque,35.092083335,-106.70180555499999
Aleknagik,59.2825,-158.61777778
Aleneva,58.03333333,-152.9
Alert,82.51777778,-62.28055556
Alexander City,32.91472222,-85.96305556
Alexandria,36.19629629666667,-93.41305555333334
Alexandria Bay,44.31666667,-75.89972222
Alice,27.74083333,-98.02694444
Alice Arm,55.46666667,-129.48333333
Allakaket,66.55194444,-152.62222222
Allentown/Bethlehem/Easton,40.65222222,-75.44055556
Alliance,42.05333333,-102.80361111
Alma,45.915555555,-78.16499999999999
Alpena,45.07805556,-83.56027778
Alpine,57.02416667,-135.19101851666667
Alton,38.89,-90.04611111
Altoona,40.29638889,-78.32
Altus,34.68263889,-99.303194445
Amarillo,35.19472222,-101.76583332999999
Ambler,67.0875,-157.84583333
Amchitka Island,51.37861111,179.25861111
American Creek,62.04333333,-158.25638889
American Falls,42.79722222,-112.82527778
Americus,32.11083333,-84.18888889
Ames,41.99194444,-93.62194444
Amook Bay,57.45472222,-153.81305556
Anacortes,48.49861111,-122.6625
Anaheim,33.81666667,-117.93333333
Anahim Lake,52.45222222,-125.30444444
Anaktuvuk Pass,68.13361111,-151.74333333
Anchorage,61.206458335,-149.90361111250002
Andalusia/Opp,31.30833333,-86.39222222
Anderson,37.301527775,-84.16125
Andrews,32.33083333,-102.52972222
Angoon,57.50388889,-134.58333333
Angwin,38.58,-122.43555556
Aniak,61.58166667,-159.54305556
Anita Bay,56.19,-132.44583333
Ankeny,41.69138889,-93.56638889
Ann Arbor,42.22305556,-83.74555556
Annapolis,38.94277778,-76.56833333
Annette,55.04222222,-131.57083333
Annex Creek,58.31333333,-134.10416667
Anniston,33.58805556,-85.85805556
Antlers,34.1925,-95.64972222
Anvik,62.64722222,-160.19
Apalachicola,29.7275,-85.0275
Apple Valley,34.57527778,-117.18611111
Appleton,44.25805556,-88.51916667
Arcata/Eureka,40.97777778,-124.10833333
Arctic Village,68.11472222,-145.57944444
Ardmore,34.225416665,-97.07166667000001
Arecibo,18.45083333,-66.67555556
Arley Lake,70.74694444,-155.36083333
Arlington,40.412361110000006,-109.62666667
Artesia,32.85194444,-104.4675
Arviat,61.09388889,-94.07166667
Asbestos Hill,45.79166667,-71.99111111
Asbury Park,40.18333333,-74.11666667
Asheville,35.43444444,-82.54277778
Ashland,42.00263889,-94.5988194475
Ashley,46.02305556,-99.35277778
Aspen,39.22194444,-106.86833333
Astoria/Seaside,46.15805556,-123.87861111
Athens,36.18657407333333,-83.37222222333332
Atikokan,48.77416667,-91.63888889
Atka,52.22055556,-174.20611111
Atlanta,33.69781746142858,-84.43646825428571
Atlantic City,39.40875,-74.51722222000001
Atmautluak,60.86777778,-162.27416667
Atomic City,43.4325,-113.05555556
Atqasuk,70.46722222,-157.43555556
Attawapiskat,52.9275,-82.43194444
Attu,52.8325,173.17555556
Atwater,37.38055556,-120.56805556
Auburn,37.62564814666667,-97.19333333333333
Augusta,33.418333335,-82.00194443999999
Augusta/Waterville,44.426944445000004,-69.73638889
Aurora,42.240277776666666,-105.33240741000002
Austin,32.5936111125,-102.56013888999999
Austin/Albert Lea,43.66277778,-92.93305556
Avalon,33.40342592666667,-118.40499999666667
Avon Park,27.59138889,-81.52888889
Ayakulik River,57.25388889,-154.42222222
Aztec,36.83694444,-108.02861111
Babe Islands,55.21027778,-132.13194444
Bagdad,34.59277778,-113.17194444
Baie Comeau,49.1325,-68.20444444
Baie Johan Beetz,50.5,-62.91666667
Bainbridge,30.97166667,-84.63694444
Baker,44.83722222,-117.80916667
Baker Island,53.059305555,-130.09361110999998
Baker Lake,64.29888889,-96.07777778
Bakersfield,35.379305555,-119.026944445
Ballinger,31.67444444,-99.97694444
Baltimore,39.225648150000005,-76.58472222333334
Bandon,43.08638889,-124.40777778
Banff,51.2,-115.53333333
Bangor,44.8075,-68.82805556
Banning,33.9225,-116.85083333
Bar Harbor,44.44972222,-68.36166667
Baranof,57.08916667,-134.83138889
Bardstown,37.81444444,-85.49972222
Barnwell,33.25777778,-81.38833333
Barrow,70.787916665,-155.60770833499998
Barter Island,70.11305556,-143.65361111
Bartlesville,36.76333333,-96.01111111
Bartlett Cove,58.45527778,-135.88527778
Bartletts,58.224583335,-157.359444445
Bartow,27.94333333,-81.78333333
Batavia,43.03166667,-78.16972222
Batesville,35.04486111,-90.77013889
Bathurst,47.62944444,-65.74027778
Baton Rouge,30.53305556,-91.15
Battle Creek,42.30638889,-85.25
Battle Mountain,40.59916667,-116.87444444
Baudette,48.72833333,-94.61222222
Bay City,28.97333333,-95.86333333
Bay St. Louis,30.36777778,-89.45472222
Bayou La Batre,30.45527778,-88.21111111
Bear Creek,57.6175,-155.86722222
Bear Fish Camp,60.71027778,-151.72111111
Bear Lake,56.03666667,-160.26611111
Bearskin Lake,53.96555556,-91.02722222
Beatrice,40.30138889,-96.75416667
Beatty,36.86111111,-116.78638889
Beaufort,33.20888889,-79.33796296333334
Beaumont/Port Arthur,29.95083333,-94.02055556
Beaver,66.36222222,-147.40638889
Beaver Creek,62.41027778,-140.86888889
Beaver Falls,40.7725,-80.39138889
Beaver Inlet,53.8325,-166.3025
Beckley,37.78722222,-81.12416667
Bedford,40.465370369999995,-78.74925926
Bedwell Harbour,48.74722222,-123.22972222
Belen,34.645,-106.83361111
Belfast,44.40944444,-69.01194444
Bell Creek,60.78388889,-159.54027778
Bell Island,55.92944444,-131.57
Bella Bella,52.13972222,-128.06361111
Bella Coola,52.3875,-126.59583333
Bellaire,44.98861111,-85.19833333
Belle Chasse,29.86611111,-90.02222222
Bellefontaine,40.37222222,-83.81916667
Belleville,38.54527778,-89.83527778
Bellingham,48.79277778,-122.5375
Belmar/Farmingdale,40.18666667,-74.12444444
Beloit/Janesville,42.62027778,-89.04166667
Beluga,61.17277778,-151.04277778
Bemidji,47.443055555,-94.866666665
Bend,44.09444444,-121.20027778
Bend/Redmond,44.25416667,-121.15
Bennettsville,34.62194444,-79.7325
Bennington,42.89111111,-73.24611111
Benton Harbor/St. Joseph,42.12861111,-86.42611111
Bentonville,36.34527778,-94.21944444
Berens River,52.35888889,-97.01805556
Berlin,42.176805555,-73.061805555
Bermuda Dunes,33.74833333,-116.27472222
Bernard,44.97972222,-114.73472222
Berry Island,50.60833333,-126.84444444
Bessemer,33.3125,-86.92638889
Bethel,55.05222222333333,-131.75472222
Bethel2,44.50055556,-71.87833333
Bettles,66.91388889,-151.52916667
Beverly,42.58416667,-70.91611111
Bible Camp,57.92638889,-156.08333333
Biddeford,43.46416667,-70.4725
Big Bay,58.5625,-152.59611111
Big Bay Marina,50.38333333,-125.13333333
Big Bear City,34.26388889,-116.85611111
Big Creek,57.66666667,-157.58333333
Big Delta,63.99472222,-145.72027778
Big Lake,61.53472222,-149.8125
Big Mountain,59.36111111,-155.25888889
Big Piney,42.58222222,-110.10888889
Big Port Walter,56.38333333,-134.65
Big Rapids,43.72277778,-85.50416667
Big River,61.85944444,-154.27666667
Big Spring,32.258055555,-101.47777778
Big Trout Lake,53.81777778,-89.89694444
Billings,45.80777778,-108.54361111
Biloxi,30.41055556,-88.92444444
Binghamton,42.20833333,-75.97972222
Birch Creek,66.27444444,-145.81805556
Birmingham,33.56388889,-86.75222222
Bisbee,31.36388889,-109.88305556
Bishop,37.37305556,-118.36361111
Bismarck/Mandan,46.77277778,-100.74583333
Black River Falls,44.25083333,-90.85527778
Blackfoot,43.20916667,-112.34972222
Blacksburg,37.20777778,-80.40777778
Blaine,48.99,-122.7325
Blair,41.41472222,-96.10888889
Blairstown,40.97111111,-74.9975
Blakely Island,48.57888889,-122.82638889
Blanc Sablon,51.43361111,-57.21666667
Blanding,37.58333333,-109.48333333
Blear Lake,64.33333333,-147.5
Blind Channel,50.40194444,-125.41916667
Bliss Landing,50.03333333,-124.82222222
Block Island,41.16805556,-71.57777778
Bloomington,39.14611111,-86.61666667
Bloomington/Normal,40.47722222,-88.91583333
Blue Bell,40.1375,-75.26527778
Blue Fox Bay,58.18333333,-152.13333333
Bluff,64.59055556,-163.77527778
Bluffton,40.88555556,-83.86861111
Blythe,33.61916667,-114.71694444
Blytheville,35.9525,-89.88736111
Boca Raton,26.37083333,-80.10833333
Boise,43.56444444,-116.22277778
Bonaventure,48.07111111,-65.46027778
Bonners Ferry,48.72583333,-116.29527778
Borger,35.70083333,-101.39361111
Bornite/Ruby Creek,67.10166667,-156.92916667
Borrego Springs,33.25916667,-116.32083333
Boston,42.354629630000005,-71.10768518666667
Boswell Bay,60.42305556,-146.14583333
Boulder City,35.9475,-114.86138889
Boundary,64.07833333,-141.11333333
Bowling Green,39.177777774999996,-85.025
Bowman,46.18694444,-103.42805556
Boxborough,42.48472222,-71.54444444
Boyne Falls,45.16583333,-84.92416667
Bozeman,45.77722222,-111.15027778
Bradford,41.80305556,-78.64
Bradley Lake,59.77611111,-151.96361111
Bradley Lake Project,59.79166667,-151.26666667
Brady,31.17916667,-99.32388889
Brainerd,46.40416667,-94.13361111
Brandon,49.91,-99.95222222
Branson,36.59180555499999,-93.273194445
Brawley,32.99305556,-115.51722222
Brazoria,28.98222222,-95.57972222
Bremerton,47.49027778,-122.76472222
Brevig Mission,65.33138889,-166.46583333
Brewster,48.105,-119.72055556
Bridgeport,41.16333333,-73.12611111
Bridger,45.29166667,-108.92583333
Bridgewater,38.36666667,-78.96027778
Brigham City,41.55444444,-112.06222222
Bristol/Johnson City/Kingsport,36.47527778,-82.4075
Brochet,57.88944444,-101.67916667
Brockport,43.18111111,-77.91555556
Brockville,44.63944444,-75.75027778
Broken Bow,41.43638889,-99.64222222
Bromont,45.29083333,-72.74194444
Bronson Creek,56.68333333,-131.08694444
Brookings,43.18944444,-110.554444445
Brooks Lake,58.6,-156.23333333
Brooks Lodge,58.55,-155.8
Brooksville,28.47361111,-82.45555556
Broomfield,39.90888889,-105.11722222
Brownsville,25.91083333,-97.42888889
Brownwood,31.79361111,-98.95638889
Brundidge,31.73333333,-85.80472222
Brunswick,34.3884722225,-78.56812500000001
Bryce Canyon,37.70638889,-112.14583333
Buckland,65.98166667,-161.14916667
Buffalo,43.660833335,-92.72611111500001
Buffalo Narrows,55.84194444,-108.4175
Bullhead City,35.159027775,-114.56194443999999
Bunnell,29.46527778,-81.20777778
Burbank,34.20055556,-118.35861111
Burley/Rupert,42.5425,-113.77166667
Burlington,40.22638888666667,-85.49092592666665
Burlington/Mount Vernon,48.47055556,-122.42166667
Burns,43.59194444,-118.95555556
Burwash Landings,61.37055556,-139.04
Butler,39.533194445,-87.145694445
Butte,45.95472222,-112.4975
CONCORD,35.38777778,-80.70916667
Cadillac,44.27527778,-85.41888889
Cairo,37.06416667,-89.21944444
Calder Bay,56.17166667,-133.49305556
Caldwell,40.87527778,-74.28138889
Calexico,32.6675,-115.5175
Calgary,51.11388889,-114.19236111000001
California City,35.15111111,-118.01666667
Calipatria,33.13138889,-115.52138889
Calverton,40.915,-72.79194444
Camarillo,34.21361111,-119.09444444
Cambridge,41.10759259,-72.76046296333334
Cambridge Bay,69.10805556,-105.13722222
Camden,33.953194445,-86.664027775
Cameron,33.55944444,-80.64833333
Camp Douglas,43.93916667,-90.25305556
Camp Orkila Eastsound,48.68555556,-122.93472222
Camp Springs,38.81083333,-76.86694444
Campbell Lagoon,57.85555556,-153.63333333
Campbell River,50.000972219999994,-125.26152778
Campbellsville,37.35833333,-85.30944444
Canandaigua,42.90888889,-77.32527778
Candle,65.90777778,-161.92638889
Cannery Bay,53.68333333,-166.75
Canon City,38.42861111,-105.10694444
Canton,34.31222222,-84.42222222
Cape Canaveral,28.4675,-80.56666667
Cape Dorset,64.23027778,-76.52472222
Cape Dyer,66.59194444,-61.57333333
Cape Girardeau,37.22527778,-89.57083333
Cape Greig,57.71666667,-157.71666667
Cape Lisburne,68.875,-166.11111111
Cape May,39.00833333,-74.90861111
Cape Newenham,58.64805556,-162.06305556
Cape Peirce,58.55277778,-161.76861111
Cape Pole,55.965,-133.79333333
Cape Romanzof,61.78027778,-166.03861111
Cape Sabine,69.02694444,-163.85416667
Cape Saint James,51.93333333,-131.01666667
Cape Sarichef,54.5825,-164.91444444
Cape Simpson,71.040625,-154.631805555
Cape Spencer,58.19916667,-136.63888889
Cape Yakataga,60.08083333,-142.49555556
Carbondale,38.583472224999994,-98.20597222
Caribou,46.87166667,-68.01805556
Carlisle,40.18777778,-77.17416667
Carlsbad,32.732916665,-110.771666665
Carrabassett,45.08555556,-70.21638889
Carrizo Springs,28.52222222,-99.82361111
Carroll,42.04666667,-94.78861111
Carrollton,33.63166667,-85.15222222
Carry Inlet,58.58305556,-152.44583333
Carson City,39.19222222,-119.7325
Cartersville,34.12305556,-84.84861111
Casa Grande,32.955,-111.76694444
Casper,42.90583333,-106.46361111
Castlegar/Nelson/Trail,49.29611111,-117.6325
Castroville ,29.3425,-98.85111111
Cat Lake,51.72722222,-91.82444444
Cave Junction,42.10361111,-123.6825
Cedar City,37.70083333,-113.09888889
Cedar Rapids/Iowa City,41.88472222,-91.71083333
Ceiba,18.24736111,-65.63944444500001
Center Island,48.49,-122.83222222
Central,65.57388889,-144.78083333
Centralia,40.900416665,-85.29875
Chadron,42.8375,-103.09527778
Chalkyitsik,66.645,-143.74
Challis,44.52138889,-114.21902778
Chamberlain,43.76611111,-99.32111111
Champaign/Urbana,40.03888889,-88.27777778
Champion,40.48194444,-101.81305556
Chandalar,67.50444444,-148.48333333
Chandler,33.28402778,-111.863333335
Chapel Hill,35.935,-79.06583333
Chapleau,47.82027778,-83.34694444
Chariot,68.09722222,-165.76388889
Charles City,43.0725,-92.61083333
Charleston,35.596527775,-80.80305556
Charleston/Dunbar,38.37583333,-81.59305556
Charlevoix,45.30472222,-85.27527778
Charlo,47.99083333,-66.33027778
Charlotte,35.21361111,-80.94916667
Charlotte Amalie,18.337916665,-64.95708333
Charlottesville,38.13972222,-78.45222222
Charlottetown,46.28916667,-63.11527778
Chatham,49.601805555,-102.46708333000001
Chatham Kent,42.30611111,-82.08166667
Chattanooga,35.03527778,-85.20361111
Cheboygan,45.65388889,-84.51916667
Chefornak,60.13694444,-164.27916667
Chehalis,46.67694444,-122.98277778
Chelan,47.849722220000004,-119.988055555
Chelatna Lake Lodge,62.43416667,-151.41472222
Chemehuevi Valley,34.52888889,-114.43194444
Chena Hot Springs,65.05194444,-146.0475
Chenega,60.18097222,-148.039027775
Cheraw,34.711805555,-79.959305555
Chernofski,53.4,-167.55
Cherry Point,34.90305556,-76.88083333
Chesapeake,36.66555556,-76.32055556
Chesterfield Inlet,63.34722222,-90.73111111
Chevak,61.54083333,-165.60083333
Cheyenne,41.144444445000005,-104.83888888999999
Chibougamau,49.77194444,-74.52805556
Chicago,41.92092592666667,-87.86212963166668
Chicago/Romeoville,41.60805556,-88.09611111
Chicken,64.06666667,-141.95138889
Chico,39.79527778,-121.85833333
Chicopee Falls,42.19388889,-72.53472222
Chicoutimi,48.52083333,-71.05055556
Chignik,56.27180556,-158.580555555
Chignik Bay,56.31138889,-158.37333333
Chignik Lagoon,56.31083333,-158.53444444
Chignik Lake,56.25555556,-158.77777778
Chilkat Lake,59.33166667,-135.89666667
Chillicothe,39.44055556,-83.02305556
Chiloquin,42.57944444,-121.87888889
China Lake,35.68555556,-117.69194444
China Spring,31.67861111,-97.3625
Chincoteague,37.94027778,-75.46638889
Chinitna Bay,59.83333333,-152.58472222
Chino,33.97472222,-117.63638889
Chipley,30.78,-85.59805556
Chisana,62.07166667,-142.04944444
Chistochina,62.56222222,-144.6725
Chitina,61.58333333,-144.42972222
Chomley,55.24777778,-132.32361111
Chomondely Sound,55.23916667,-132.11416667
Chowchilla,37.11333333,-120.24694444
Christiansted,17.72527778,-64.75361111000001
Chuathbaluk,61.57916667,-159.21555556
Churchill,58.73916667,-94.06638889
Churchill Falls,53.5625,-64.10583333
Chute-Des-Passes,49.88722222,-71.25388889
Cimarron,37.83333333,-100.34694444
Cincinnati,39.132962963333334,-84.49175926
Cinder Mountain,57.05833333,-157.8
Cinder River Lodge,57.06666667,-157.81416667
Cinnabar,60.78527778,-158.86444444
Circle,59.69185185333333,-131.23361111
Circle Hot Springs,65.48583333,-144.61166667
City of Industry,34.02444444,-117.95916667
Clarendon,34.91138889,-100.86944444
Clarks Point,58.83361111,-158.52944444
Clarksburg/Fairmont,39.29777778,-80.2275
Clarksdale,34.29972222,-90.51222222
Clarksville,36.62194444,-87.415
Clay Center,39.38722222,-97.15722222
Clear,64.30166667,-149.11777778
Clear Lake,38.93472222,-122.62222222
Clear Lake City,29.55694444,-95.1375
Cleburne,32.35361111,-97.43388889
Clemson,34.67222222,-82.88583333
Cleveland,41.49740740666667,-81.67462963
Clevland,35.21138889,-84.79972222
Clewiston,26.73527778,-81.05111111
Clifton,32.95694444,-109.21111111
Clinton,37.591444442,-90.678000002
Clintonville,44.61305556,-88.73083333
Cloquet,46.70111111,-92.50361111
Clover Bay,55.29888889,-132.145
Cloverdale,38.77638889,-122.9925
Clovis,34.404583335,-103.2
Cluff Lake,58.39138889,-109.51638889
Clyde River,70.48583333,-68.51694444
Coal Bay,55.50055556,-132.4875
Coalinga,36.16222222,-120.29472222
Coatesville,39.97888889,-75.86555556
Cobol,57.48333333,-135.86666667
Cochrane,49.10666667,-81.01527778
Cocoa Beach,28.235,-80.61
Cody,44.52027778,-109.02388889
Coeur d'Alene,47.77444444,-116.81944444
Coffee Point,58.21666667,-157.5
Coffeyville,37.09388889,-95.57194444
Coffman Cove,56.03333333,-132.91666667
Colby,39.40388889,-101.04666667
Cold Bay,55.472916665,-162.425833335
Cold Lake,54.405,-110.27944444
Coldfoot,67.25222222,-150.20388889
Coleman,31.84111111,-99.40361111
College Park,38.98055556,-76.92222222
College Station/Bryan,30.58861111,-96.36388889
Collegeville,40.20416667,-75.43027778
Collingwood,44.44944444,-80.15916667
Colomac,64.385,-115.12472222
Colorado Creek,63.57111111,-156.00527778
Colorado Springs,38.819907406666665,-104.75981481333334
Colstrip,45.85277778,-106.70916667
Colton,34.05638889,-117.365
Columbia,35.705416666666665,-90.45458333333333
Columbus,36.900833332727274,-86.41921717090909
Colusa,39.17902778,-121.99333333
Colville Lake,67.02111111,-126.12861111
Comanche,31.92027778,-98.59916667
Commerce,33.98666667,-118.16055556
Commerce/Montebello,34.01666667,-118.13333333
Comox,49.71083333,-124.88666667
Concord,40.59625,-96.77958333
Concordia,39.54916667,-97.65222222
Connell,46.66138889,-118.83055556
Connersville,39.69805556,-85.13111111
Conroe,30.35333333,-95.415
Conway,34.454861109999996,-85.77333333
Cookeville,36.19333333,-85.48694444
Cooper Lodge,60.48416667,-149.72277778
Copalis,47.14472222,-124.18916667
Copper Center,61.94111111,-145.29416667
Coral Harbour,64.19333333,-83.35944444
Cordero Lodge,50.44666667,-125.45277778
Cordova,60.51763889,-145.60166666499998
Corinth,34.915,-88.60361111
Corner Bay,57.73777778,-135.12555556
Cornwall,45.09277778,-74.56777778
Corpus Christi,27.7325,-97.39638889
Corsicana,32.02805556,-96.40055556
Cortes Bay,50.05694444,-124.83333333
Cortez,37.30305556,-108.62805556
Cortland,42.59277778,-76.215
Corvallis,44.49722222,-123.28944444
Cosna River,64.5,-151.66666667
Cottonwood,34.73,-112.03527778
Cotulla,28.45583333,-99.21722222
Council,64.89666667,-163.70361111
Council Bluffs,41.26,-95.75861111
Covington,35.58333333,-89.58722222
Cozad,40.86972222,-100.00416667
Crafton Island,60.50277778,-147.94027778
Craig,47.987222225,-120.33388889
Cranbrook,49.61222222,-115.78194444
Crane Island,48.6,-123.0
Crescent City,41.78027778,-124.23666667
Crested Butte,38.85194444,-106.93277778
Crestone,37.96666667,-105.76666667
Crestview,30.71375,-86.52208333
Creswell,43.93083333,-123.00666667
Crooked Creek,61.86777778,-158.135
Crosbyton,33.62388889,-101.24083333
Cross City,29.63555556,-83.10472222
Cross Lake,54.61083333,-97.76027778
Crossville,35.95138889,-85.085
Cube Cove,57.94166667,-134.75
Culbertson,48.15361111,-104.50416667
Culebra,18.31305556,-65.30388889
Cullman,34.26861111,-86.85805556
Culpeper,38.52555556,-77.85972222
Cumberland,39.61527778,-78.76138889
Currituck,36.4,-76.01555556
Custer,43.73361111,-103.61944444
Cut Bank,48.60833333,-112.37611111
Daggett,34.85361111,-116.78666667
Dahl Creek,66.9425,-156.89138889
Dalhart,36.0225,-102.5475
Dallas,32.997592590000004,-96.75898148333334
Dallas/Fort Worth,32.865873015714286,-97.09833333285714
Dalton,34.72305556,-84.87027778
Danbury,41.37166667,-73.48222222
Danger Bay,58.13333333,-152.55
Danielson,41.81972222,-71.90083333
Danville,38.11657407333333,-83.90046296333333
Darlington,34.44944444,-79.89
Dauphin,51.10138889,-100.05333333
Davenport,41.61027778,-90.58833333
David River,55.91444444,-161.6375
Davidson Creek,58.35277778,-133.99138889
Davis/Woodland/Winters,38.57944444,-121.85694444
Dawson City,64.04222222,-139.13027778
Dawson Creek,55.74222222,-120.18305556
Dayton,39.772407406666666,-84.16416666333333
Daytona Beach,29.18,-81.05805556
De Kalb,41.93388889,-88.70555556
Deadfall,69.17083333,-163.25638889
Deadhorse,70.11203703666666,-149.52444444666665
Deadhorse1,70.13611111,-146.29
Deadmans Bay,57.06666667,-153.93777778
Dean River,52.81666667,-126.96666667
Dease Lake,58.42222222,-130.03138889
Death Valley,36.46055556,-116.87972222
Decatur,40.996111109999994,-99.54157407666666
Decatur Island,48.51,-122.80305556
Decorah,43.27555556,-91.73944444
Deep Bay,55.56027778,-131.65555556
Deer Harbor,48.62083333,-123.00305556
Deer Lake,49.20916667,-57.39444444
Deer Lodge,46.38777778,-112.765
Deering,66.06916667,-162.76694444
Defiance,41.3375,-84.42888889
Del Rio,29.366805555,-100.85263889000001
Deland,29.06694444,-81.28361111
Delaware,40.27944444,-83.11333333
Delhi,32.41083333,-91.49861111
Deline,65.21111111,-123.43638889
Delta,39.084999999999994,-110.28291666499999
Delta Junction,64.05,-145.7225
Deming,32.2625,-107.71888889
Demopolis,32.46388889,-87.95416667
Denali,63.75555556,-147.93
Dent Island ,50.41111111,-125.18333333
Denton,33.20222222,-97.19805556
Denver,39.73861111333333,-104.68666666666665
Denver City,32.97472222,-102.845
Des Moines,41.53416667,-93.6575
Desolation Sound,50.18333333,-124.7
Destin,30.4,-86.47138889
Detroit,42.293680555,-83.2682638875
Detroit Lakes,46.82527778,-95.88555556
Devils Lake,48.11666667,-98.91
Dewar Lakes,68.63333333,-71.13333333
Dexter,45.00444444,-69.2375
Diavik,64.51138889,-110.28972222
Dickinson,46.79722222,-102.80194444
Digby Island,54.28583333,-130.44472222
Dillingham,59.04472222,-158.50555556
Dillon,34.44916667,-79.36861111
Dinsmore,40.49194444,-123.59833333
Diomede Island,65.75861111,-168.95305556
Distin Lake,57.61666667,-134.36666667
Dodge City,37.76305556,-99.96555556
Dolomi,55.12222222,-132.05
Donlin Creek Mine,62.07194444,-158.20416667
Dora Bay,55.23333333,-132.21666667
Dorado,18.46388889,-66.29333333
Doris Lake,68.12527778,-106.58527778
Dorris,41.88722222,-121.97555556
Dothan,31.32111111,-85.44944444
Doug Carney Strip,61.43416667,-157.05
Douglas,37.133055555,-107.49486110999999
Dover,39.12944444,-75.46583333
Dover-Cheswold,39.21833333,-75.59666667
Dowagiac,41.99305556,-86.12805556
Downtown,34.0525,-118.25944444
Doylestown,40.33305556,-75.12222222
Drift River,60.58888889,-152.16194444
Driftwood Bay,53.97277778,-166.85694444
Driggs,43.74277778,-111.09666667
Drummond,46.62083333,-113.205
Drummond Island,46.00944444,-83.74388889
Dry Bay,59.14666667,-138.56361111
Dryden,49.83138889,-92.74361111
DuBois,41.17833333,-78.89861111
Dublin,34.85097222,-81.831805555
Dubuque,42.40194444,-90.70944444
Duchesne,40.19388889,-110.38305556
Duck,36.25361111,-75.78861111
Dugway,40.1975,-112.935
Duluth,46.781944440000004,-92.11847222
Duncan,34.47138889,-97.95972222
Duncan Canal,56.75694444,-133.22166667
Duncan/Quamichan Lake,48.75472222,-123.70972222
Dune Lake,64.42138889,-149.89444444
Dunkirk,42.49388889,-79.27111111
Durango,37.183472225,-107.805694445
Durant,33.93333333,-96.4
Dutch John,40.91777778,-109.39055556
Dyersburg,35.99805556,-89.40666667
Eagle,48.01250000333334,-118.14981481333332
Eagle Creek,68.67666667,-162.64694444
Eagle Harbor,57.41666667,-152.71666667
Eagle Lake,29.60055556,-96.32194444
Eagle Nest,36.42194444,-105.29
Eagle Pass,28.70222222,-100.48055556
Eagle River,45.93222222,-89.26833333
Earlton,47.695,-79.84888889
East Farmingdale,40.72888889,-73.41333333
East Haddam,41.44555556,-72.45555556
East Hampton,40.95944444,-72.25166667
East Hartford,41.75333333,-72.62833333
East Tawas,44.31277778,-83.42222222
Eastland,32.415,-98.80972222
Eastman,32.21638889,-83.12861111
Easton,38.80416667,-76.06888889
Eastsound,48.71055555666667,-122.98240740666667
Eau Claire,44.86583333,-91.48416667
Edenton,36.02777778,-76.56722222
Edgartown,41.35833333,-70.52444444
Edmonton,53.498541665000005,-113.5281944425
Edna Bay,55.93638889,-133.65555556
Edwards,34.91805556,-117.87916667
Eek,60.21361111,-162.04388889
Effingham,39.07055556,-88.53361111
Egegik,58.18555556,-157.37555556
Egmont,49.75277778,-123.93027778
Ehpriam,45.13583333,-87.18805556
Eight Fathom Bight,58.0,-135.73333333
Ekati,64.69888889,-110.61472222
Ekuk,58.81111111,-158.55888889
Ekwok,59.35694444,-157.47111111
El Capitan,56.18416667,-133.31055556
El Centro,32.831666670000004,-115.62527778
El Dorado,33.22083333,-92.81333333
El Monte,34.08611111,-118.03472222
El Paso,31.82833333,-106.37819444499999
Elfin Cove,58.2,-136.31666667
Elim,64.615,-162.27055556
Elizabeth City,36.26055556,-76.17444444
Elizabeth Island,59.15694444,-151.82916667
Elizabethtown,37.68611111,-85.925
Elkhart,41.71944444,-86.00333333
Elkins,38.88944444,-79.85722222
Elko,40.825,-115.79138889
Ellamar,60.89333333,-146.70833333
Ellensburg,47.03305556,-120.53055556
Elliot Lake,46.35166667,-82.56111111
Elmira/Corning,42.15972222,-76.89194444
Ely,43.561805555,-103.33569444
Emerald Bay,33.55833333,-117.71111111
Emmonak,62.78611111,-164.49083333
Emporia,37.50875,-86.83638889
Encino,26.85833333,-98.22166667
Enid,36.357777775,-97.85333333
Enterprise,38.36222222,-101.58222222
Ephrata/Moses Lake,47.30805556,-119.51694444
Erie,42.08305556,-80.17388889
Escanaba,45.72277778,-87.09361111
Estherville,43.4075,-94.74638889
Eufaula,31.95138889,-85.12888889
Eugene,44.12444444,-123.21194444
Eureka,53.46712962666667,-108.64277777666666
Eva Creek,64.04194444,-148.86305556
Evanston,41.27472222,-111.03472222
Evansville,38.04083333,-87.52861111
Eveleth,47.42416667,-92.49666667
Everett,47.90694444,-122.28166667
Evergreen,31.415,-87.04333333
Excursion Inlet,58.42083333,-135.44722222
Fairbanks,64.695462965,-147.67499999999998
Fairbanks/Ft. Wainwright,64.36361111,-147.36388889
Fairbanks1,65.04472222,-145.42305556
Fairburn,43.725,-103.35
Fairfield,38.26444444,-121.92416667
Fairhope,30.46055556,-87.87694444
Fairmont,43.64388889,-94.41555556
Fairmount Island,60.89611111,-147.44666667
Fajardo,18.30888889,-65.66166667
Fallbrook,33.35416667,-117.25083333
Fallon,39.458472225,-118.72375
Falls Bay,60.51666667,-148.0
Falls Church,38.83333333,-77.11666667
Falmouth,41.65916667,-70.52277778
False Island,57.51666667,-135.21666667
False Pass,54.84777778,-163.40722222
Farewell,62.50916667,-153.89027778
Fargo,46.92055556,-96.81583333
Farmington,38.10268518666667,-92.73583333333333
Faro,62.20694444,-133.37333333
Faulkton,45.03055556,-99.11277778
Fayetteville,35.6121527775,-86.59312499999999
Fergus Falls,46.28444444,-96.15666667
Fernandina Beach,30.61194444,-81.46111111
Fillmore,38.95805556,-112.36305556
Findlay,41.01194444,-83.66861111
Fire Cove,55.77777778,-131.5375
Fire Island,61.16833333,-150.16055556
Fishers Island,41.25138889,-72.03166667
Fitchburg,42.55416667,-71.75888889
Fitiuta Village,-14.21583333,-169.42388889
Five Mile Camp,65.92694444,-149.84
Flagstaff,35.14027778,-111.66916667
Flat,62.45277778,-157.98916667
Flaxman Island,70.17305556,-146.85555556
Flin Flon,54.67805556,-101.68194444
Flint,42.96555556,-83.74472222
Flora,38.665,-88.45305556
Florence,39.08402778,-101.91763889
Fogo,49.6575,-54.2375
Fond Du Lac,43.77111111,-88.48833333
Forest City,43.23472222,-93.62416667
Fort A P Hill,38.06861111,-77.31888889
Fort Bragg,37.30319444,-101.36583333499999
Fort Bridger,41.39333333,-110.40583333
Fort Chimo,58.10194444,-68.40666667
Fort Chipewyan,58.7675,-111.1175
Fort Collins,40.58722222,-105.04027778
Fort Collins/Loveland,40.45194444,-105.01138889
Fort Dix,40.01555556,-74.59166667
Fort Dodge,42.55111111,-94.19194444
Fort Drum,44.05583333,-75.71944444
Fort Frances,48.65444444,-93.44055556
Fort George,53.82111111,-79.005
Fort Glenn,53.36666667,-167.88333333
Fort Good Hope,66.26666667,-128.65
Fort Huachuca,31.58833333,-110.34444444
Fort Jefferson,24.62861111,-82.87333333
Fort Knox,37.90722222,-85.97166667
Fort Lauderdale,26.134444445,-80.160277775
Fort Leonard Wood,37.74166667,-92.14083333
Fort Madison,40.65916667,-91.32777778
Fort McMurray,56.65333333,-111.22333333
Fort McPherson,67.40694444,-134.85972222
Fort Meade,39.08527778,-76.75944444
Fort Myers,26.56138889,-81.80930555500001
Fort Nelson,58.83638889,-122.59694444
Fort Norman,64.91666667,-125.56666667
Fort Payne,34.47361111,-85.72138889
Fort Pierce,27.4975,-80.37277778
Fort Polk,31.04472222,-93.19166667
Fort Resolution,61.18083333,-113.68972222
Fort Scott,37.79833333,-94.76944444
Fort Severn,56.01888889,-87.67611111
Fort Sill,34.64972222,-98.40222222
Fort Simpson,61.76027778,-121.23666667
Fort Smith,47.678472225,-103.16472222
Fort St. John,56.23833333,-120.74027778
Fort Wayne,40.97833333,-85.19527778
Fort Worth,32.73018518666667,-97.31666666666666
Fort Yukon,66.5725,-145.24638889
Fortuna,40.55388889,-124.13277778
Fortuna Ledge,61.8675,-162.06736111499998
Fosston,47.59277778,-95.77361111
Frankfort,41.403472225,-85.55375000000001
Franklin,35.22222222,-83.42
Franklin/Oil City,41.3775,-79.86055556
Frazer Lake,57.20833333,-154.08611111
Frederick,36.88486111,-88.179166665
Fredericton,45.86888889,-66.53722222
Freeport,42.24611111,-89.58194444
Fremont,41.372916665000005,-89.779166665
Frenchville,47.28555556,-68.31277778
Fresh Water Bay,57.85,-134.98333333
Fresno,36.754444445,-119.769583335
Friday Harbor,48.52972222,-123.016388885
Front Royal,38.9175,-78.25333333
Fryeburg,43.99111111,-70.94777778
Ft. Stockton,30.91527778,-102.91277778
Fullerton,33.87194444,-117.97972222
Fulton,43.35083333,-76.38805556
Funter Bay Alaska,58.25,-134.9
Gadsden,33.97277778,-86.08916667
Gagnon,51.95416667,-68.13833333
Gahcho,63.43527778,-109.14472222
Gainesville,32.53824074,-87.76638889000002
Gaithersburg,39.16833333,-77.16611111
Galbraith Lake,68.47972222,-149.49
Galena,64.73611111,-156.9375
Galesburg,40.93805556,-90.43111111
Galiano Island,48.89194444,-123.39166667
Galion,40.73611111,-82.75277778
Gallatin,36.375,-86.40833333
Gallup,35.51111111,-108.78944444
Galveston,29.26527778,-94.86055556
Gambell,63.76666667,-171.73277778
Gander,48.93694444,-54.56805556
Ganes Creek,62.97555556,-156.51333333
Ganges Harbor,48.85,-123.5
Garden City,39.33597222,-87.166388885
Gardner,42.55,-72.01611111
Garibaldi,45.41833333,-123.81444444
Garrison,47.65611111,-101.43666667
Gary,41.61722222,-87.41444444
Gaspe,48.77527778,-64.47972222
Gasquet,41.84555556,-123.98472222
Gastonia,35.20277778,-81.15
Gatineau,45.52166667,-75.56361111
Gaylord,45.01305556,-84.70333333
Georgetown,35.2286111125,-85.4294444425
Geraldton,49.77861111,-86.93861111
Gerlach,40.76222222,-119.21083333
Gethsemani,50.33333333,-60.66666667
Gettysburg,39.84138889,-77.27472222
Gila Bend,32.96027778,-112.67361111
Gillam,56.35777778,-94.71083333
Gillette,44.34888889,-105.53944444
Gillies Bay,49.69416667,-124.51777778
Girdwood,60.96888889,-149.11944444
Glacier Creek,61.455,-142.38083333
Gladwin,43.97055556,-84.475
Glasgow,42.622083335,-96.284166665
Glen Canyon,37.54583333,-110.71333333
Glendale,33.52694444,-112.29527778
Glendive,47.13861111,-104.80722222
Gleneden,44.87666667,-124.02861111
Glennallen,62.11861111,-145.55
Glens Falls,43.34111111,-73.61027778
Glenview,42.08333333,-87.81833333
Glenwood Springs,39.50611111,-107.30916667
Globe,33.35305556,-110.66722222
Gold Beach,42.41527778,-124.425
Gold King 2,64.07138889,-148.0
Golden Creek Mine,65.28333333,-153.0
Golden Horn Lodge,59.74694444,-158.87472222
Goldsboro,35.33944444,-77.96055556
Golovin,64.55055556,-163.00722222
Goodland,39.37055556,-101.69888889
Goodnews Bay,59.11777778,-161.57361111
Goodyear,33.42333333,-112.37527778
Goose Bay,57.357083335,-105.13374999999999
Goose Lake,65.55194444,-106.43583333
Gordonville,38.15611111,-78.16583333
Gore Bay,45.88416667,-82.56833333
Gorge Harbor,50.08333333,-124.95
Gorham,44.39361111,-71.19805556
Goshen,41.52638889,-85.79416667
Gothenburg,40.92555556,-100.14666667
Grace Harbor,54.91666667,-132.91666667
Grand Canyon,35.93819444500001,-112.140416665
Grand Forks,48.481388890000005,-107.80222222500001
Grand Island,40.9675,-98.30972222
Grand Junction,39.1225,-108.52666667
Grand Prairie,32.69888889,-97.04694444
Grand Rapids,45.045416665000005,-89.51638889
Grande Prairie,55.18194444,-118.88722222
Grandview,38.85083333,-94.55833333
Grangeville,45.94277778,-116.12305556
Granite Creek Mine,62.36305556,-156.97416667
Granite Mountain,65.47513889,-161.17652778000001
Granite Point,60.96166667,-151.33166667
Grants,35.16722222,-107.90194444
Grants Pass,42.51,-123.38805556
Grass Valley,39.22416667,-121.0025
Grayling,62.89222222,-160.06638889
Great Barrington,42.18416667,-73.40333333
Great Bend,38.34416667,-98.85916667
Great Falls,47.49347222,-111.27875
Greeley,40.42638889,-104.63
Green Bay,44.48472222,-88.12972222
Green River,38.78055556,-110.32916667
Greeneville,36.19138889,-82.81666667
Greens Creek,58.09861111,-134.76
Greensboro,33.59805556,-83.13833333
Greensboro/High Point,36.10138889,-79.94111111
Greenville,35.822453705,-85.73587963166666
Greenway Sound,50.85,-126.85
Greenwood,37.575462959999996,-79.05425926
Greer,34.89555556,-82.21888889
Gregory,43.22166667,-99.40333333
Grenada,33.8325,-89.79805556
Greybull,44.51805556,-108.08305556
Grise Fiord,76.42583333,-82.90805556
Guam,13.505833333333333,144.82574074000001
Gulf Shores,30.28972222,-87.67166667
Gulfport/Biloxi,30.40722222,-89.07
Gulkana,62.155,-145.45444444
Gull Cove,58.21472222,-136.15638889
Gunnison,38.53444444,-106.93166667
Gustavus,58.42527778,-135.7075
Guymon,36.685,-101.50777778
Gwinner,46.218888885,-97.64375000000001
Hagemeister Island,58.75,-160.83333333
Hagerstown,39.70861111,-77.72638889
Haines,59.173194445,-135.45291666499998
Haines Junction,60.78944444,-137.54527778
Half Moon Bay,37.51333333,-122.50111111
Halifax,44.88111111,-63.51055556
Hall Beach,68.77583333,-81.2425
Hallo Bay,58.4575,-154.02333333
Hallock,48.75277778,-96.94305556
Hamilton,41.152277778,-88.42761111
Hammond,30.52166667,-90.41833333
Hampton,42.8425,-82.028333335
Hana,20.79555556,-156.01444444
Hanalei,22.20916667,-159.44555556
Hanapepe,21.89694444,-159.60305556
Hancock/Houghton,47.16833333,-88.48916667
Hanford,36.31666667,-119.62777778
Hanson Island,50.58416667,-126.75166667
Hanus Bay,57.41666667,-135.03333333
Happy Harbour,55.48833333,-132.33333333
Harbor Springs,45.42555556,-84.91333333
Harlingen/San Benito,26.22722222,-97.65527778
Harlowton,46.44861111,-109.85277778
Harrington Harbour,50.5,-59.5
Harrisburg,40.20513889,-76.806944445
Harrison,36.26138889,-93.15472222
Hartford,41.83791667,-72.666388885
Hartsville,34.40305556,-80.11916667
Hastings,40.60527778,-98.42777778
Hatteras,35.23277778,-75.61777778
Hattiesburg,31.265,-89.25277778
Hattiesburg/Laurel,31.46722222,-89.33694444
Havasupai,36.21666667,-112.66666667
Haverhill,44.08027778,-72.00777778
Havre,48.54305556,-109.76222222
Havre St. Pierre,50.28194444,-63.61111111
Hawk Inlet,58.13333333,-134.75
Hawley,46.88388889,-96.35055556
Hawthorne,36.23388889,-118.48388889
Hay River,60.83972222,-115.78277778
Haycock,65.20277778,-161.15277778
Hayden,40.48111111,-107.21777778
Hays,38.84222222,-99.27305556
Hayward,41.842083335,-106.782361115
Hazleton,40.98666667,-75.995
Headland,31.36416667,-85.3125
Healdsburg,38.65277778,-122.89861111
Healy,63.8675,-148.96888889
Hearst,49.71388889,-83.68694444
Hebbronville,27.34944444,-98.73694444
Heber,40.48194444,-111.42888889
Helena,46.60666667,-111.98333333
Hemet,33.73388889,-117.0225
Henderson,37.80777778,-87.68583333
Hereford,34.86083333,-102.32583333
Herendeen,55.80138889,-160.89916667
Hermiston,45.82833333,-119.25916667
Hesperia,34.37694444,-117.31611111
Hiawatha,39.878611115,-95.52388889
Hibbing,47.38666667,-92.83888889
Hickory,35.74111111,-81.38944444
Hidden Falls,57.21666667,-134.88333333
High Level,58.62166667,-117.16472222
Hillsboro,45.54222222,-122.95083333
Hilo,19.72027778,-155.04833333
Hilton Head,32.22444444,-80.6975
Hinesville,31.88833333,-81.56166667
Hobart Bay,57.4,-133.46666667
Hobbs,32.6875,-103.21722222
Hoffman,35.03666667,-79.4975
Hog River,66.17611111,-155.68472222
Hogatza,66.19166667,-155.66888889
Holbrook,34.93861111,-110.14027778
Holikachuk,62.91055556,-159.52777778
Holland,42.769305555,-86.13486111
Hollis,55.48194444,-132.64444444
Hollister,36.89333333,-121.41027778
Holman Island,70.76277778,-117.80611111
Holtville,32.845,-115.26861111
Holy Cross,62.18833333,-159.775
Homer,59.58203703666667,-151.98212963
Homeshore,58.29444444,-135.34722222
Homestead,25.48861111,-80.38361111
Hondo,29.35916667,-99.1775
Honesdale,41.51555556,-75.25166667
Honolulu,21.31777778,-157.92027778
Hood Bay,57.38194444,-134.39527778
Hoolehua,21.15277778,-157.09638889
Hoonah,58.09611111,-135.40888889
Hooper Bay,61.52388889,-166.14666667
Hope,60.90722222,-149.62277778
Hope Bay,68.16388889,-106.61444444
Hopedale,42.10638889,-71.51
Hopkinsville,36.762777775,-87.475555555
Hoquiam,46.97111111,-123.93666667
Hornell,42.38222222,-77.68222222
Hornepayne,49.19305556,-84.75944444
Horseshoe Bay,30.52694444,-98.35888889
Hot Springs,40.01398148333333,-95.84777777666666
Houghton,47.16666667,-88.5
Houlton,46.12472222,-67.79222222
Houma,29.56638889,-90.66055556
Houston,29.747189543529416,-95.42419934705879
Howell,42.62944444,-83.98222222
Hudson,42.29138889,-73.71027778
Hudson's Hope,56.03555556,-121.97583333
Hughes,66.03916667,-154.26472222
Humacao,18.144027780000002,-65.81708333
Huntsville,34.725092589999996,-86.67240740666666
Huron,44.38527778,-98.22861111
Hurricane,37.14027778,-113.30611111
Huslia,65.69777778,-156.35138889
Hutchinson,38.06611111,-97.86055556
Hyannis,41.66944444,-70.28027778
Hydaburg,55.20666667,-132.82666667
Hyder,55.90361111,-130.005
Icy Bay,59.96888889,-141.66166667
Idaho Falls,43.51361111,-112.07083333
Igiugig,59.32416667,-155.90166667
Igloolik,69.36472222,-81.81638889
Iles de la Madeleine,47.42722222,-61.775
Iliamna,59.75555556,-154.91777778
Illinois Creek,64.11666667,-157.35
Immokalee,26.43388889,-81.40055556
Imperial,40.51027778,-101.62027778
Independence,36.987222225,-106.991944445
Independence Creek,65.67361111,-162.46416667
Indian Creek,44.76111111,-115.10722222
Indian Head,38.59694444,-77.0725
Indian Springs,36.58722222,-115.67333333
Indiana,40.63111111,-79.10166667
Indianapolis,39.830740741666666,-86.14523148166667
International Falls,48.56555556,-93.40222222
International Seafoods,58.26666667,-157.53333333
Inuvik,68.29305556,-133.4875
Inyokern,35.65861111,-117.82944444
Iowa City,41.63972222,-91.54805556
Iqaluit,63.75666667,-68.55611111
Iron Mountain/Kingsfd,45.81833333,-88.11444444
Ironwood,46.5275,-90.13138889
Isabel Pass,63.5,-145.03333333
Island Lake,53.85722222,-94.65361111
Isle Royale Park,47.83333333,-88.83333333
Islesboro,44.3025,-68.91055556
Islip,40.79527778,-73.10027778
Ithaca/Cortland,42.49138889,-76.45861111
Ivanof Bay,55.9,-159.48333333
Ivatuk,68.48777778,-155.7575
Ivotuk,68.48333333,-155.73333333
Jackpot,41.97583333,-114.65805556
Jackson,39.487166666,-93.864277778
Jackson/Vicksburg,32.31111111,-90.07583333
Jacksonville,32.25791666625,-85.77913194375
Jacksonville/Camp Lejeune,34.82916667,-77.61222222
Jamestown,44.541527775000006,-88.96805556000001
Jasper,34.48125,-86.449583335
Jean,35.76833333,-115.32972222
Jefferson,37.976944445,-82.12916666999999
Jefferson City,38.59111111,-92.15611111
Jeffersonville,38.36555556,-85.73805556
Jensens Strip,57.95,-157.05
Jericho,66.01861111,-111.45194444
Jerome,42.72666667,-114.45666667
John Day,44.40277778,-118.96777778
Johnny Mountain,56.66666667,-131.11666667
Johnston Island,16.73055556,-169.53527778
Johnstone Point,60.48166667,-146.58416667
Johnstown,41.656805559999995,-76.58208333
Jonesboro,35.83166667,-90.64638889
Joplin,37.15305556,-94.49888889
Josephine Lake,55.24361111,-132.57333333
Junction,30.51111111,-99.76277778
Juneau,58.328194445,-134.50138888499998
Jupiter,26.90805556,-80.32833333
Kaanapali,20.94583333,-156.69305556
Kachemak Bay,59.63333333,-151.20833333
Kahli Cove,55.92638889,-133.25277778
Kahului,20.89861111,-156.43055556
Kake,56.97333333,-133.94388889
Kako,61.89888889,-161.43972222
Kaktovik,70.17277778,-146.83611111
Kalakaket,64.42444444,-156.84333333
Kalamazoo,42.23444444,-85.55166667
Kalaupapa,21.21111111,-156.97361111
Kalispell,48.244583335,-114.27986111000001
Kalskag,61.53583333,-160.34555556
Kaltag,64.31888889,-158.74138889
Kamloops,50.7025,-120.44861111
Kamuela,20.00138889,-155.66805556
Kanab,37.01055556,-112.53138889
Kaneohe,21.45055556,-157.76805556
Kangiqsujuaq,61.58861111,-71.92944444
Kangirsuk,60.02722222,-69.99916667
Kankakee,41.07138889,-87.84638889
Kansas City,39.19018518666666,-94.63555555666666
Kantishna,63.54111111,-150.995
Kapalua,20.96305556,-156.67305556
Kapolei,21.308055555,-158.07263889
Kapuskasing,49.41166667,-82.46833333
Karluk,57.56611111,-154.45388889
Karluk Lake,57.36777778,-154.02527778
Karluk Portage,57.53833333,-154.16444444
Karta Lake,55.56222222,-132.63055556
Kasaan,55.53777778,-132.39583333
Kasba Lake,60.29319444,-102.50097222
Kashvik Bay,57.96666667,-155.13333333
Kasigluk,60.87333333,-162.52444444
Kasitsna Bay,59.46972222,-151.57111111
Katmai Bay,58.0,-154.96666667
Katmai Lodge,59.07,-156.04833333
Katmai National Park,58.235,-155.10361111
Kattiniq,61.66222222,-73.32138889
Kavik River,69.67722222,-146.89916667
Kayenta,36.71638889,-110.22833333
Kearney,40.72694444,-99.00666667
Keene,42.89833333,-72.27083333
Kekaha,22.02277778,-159.785
Kelleys Island,41.60305556,-82.685
Kelowna,49.95722222,-119.37777778
Kelp Bay,57.55,-134.86666667
Kelso,46.11805556,-122.89833333
Kemmerer,41.82416667,-110.55694444
Kenai,60.57333333,-151.24472222
Kenansville,35.0,-77.98166667
Kenmore,47.75472222,-122.25916667
Kennesaw,34.01305556,-84.59694444
Kennett,36.22583333,-90.03666667
Kennewick,46.21861111,-119.21
Kenora,49.78833333,-94.36305556
Kenosha,42.59555556,-87.92777778
Kent,41.15138889,-81.415
Keokuk,40.46,-91.42861111
Kernville,35.72833333,-118.41972222
Kerrville,29.97666667,-99.08555556
Ketchikan,55.49703704,-131.66027777666667
Key Lake,57.25638889,-105.6175
Key Largo,25.32361111,-80.27638888499999
Key West,24.565416665,-81.723055555
Keyes Point,60.15,-154.61666667
Kiana,66.97583333,-160.43666667
Kiavak,57.01666667,-153.66666667
Killdeer,47.39138889,-102.77194444
Killeen,31.076527775000002,-97.75763889000001
Kiluda Bay,57.32305556,-153.14944444
Kimball,41.18805556,-103.6775
Kimmirut/Lake Harbour,62.85,-69.88333333
Kindred,46.64861111,-96.99888889
King Cove,55.11638889,-162.26611111
King Salmon,58.67638889,-156.64861111
Kingman,35.25944444,-113.93805556
Kingston,43.105555554999995,-75.280555555
Kingsville,27.50444444,-97.80833333
Kinston,35.33138889,-77.60888889
Kipnuk,59.93166667,-164.02805556
Kirkland Lake,48.21027778,-79.98138889
Kirksville,40.09333333,-92.545
Kitchener,43.46083333,-80.37861111
Kitoi Bay,58.19166667,-152.35
Kivalina,67.73611111,-164.56361111
Kizhuyak,57.66416667,-153.01638889
Klag Bay,57.64472222,-136.09305556
Klamath Falls,42.15611111,-121.73305556
Klawock,55.566944445000004,-133.08888889
Knob Noster,38.73027778,-93.54777778
Knoxville,38.555555555,-88.55402778
Koala Mine,64.69,-110.62
Kobuk,66.91222222,-156.89722222
Kodiak,57.787037036666675,-152.41611111333333
Kodiak Island,57.78083333,-152.39111111
Kogru River,70.57472222,-152.25888889
Kokhanok,59.43333333,-154.8025
Kokomo/Logansport/Peru,40.52777778,-86.05972222
Koliganek,59.72666667,-157.26027778
Kona,19.73888889,-156.04555556
Kona Village,19.64722222,-156.01194444
Kongiganak,59.96166667,-162.88055556
Kosciusko,33.09027778,-89.54194444
Kotlik,63.03055556,-163.53277778
Kotzebue,66.88472222,-162.59805556
Kougarok,65.65555556,-165.35638889
Koyuk,64.93944444,-161.15416667
Koyukuk,64.87583333,-157.73055556
Kugaaruk,68.53583333,-89.80527778
Kugluktuk/Coppermine,67.81666667,-115.14388889
Kugururok River,68.30694444,-161.4
Kulik Lake,58.965,-155.09555556
Kuparuk,70.36222222,-149.02833333
Kuujjuarapik,55.28194444,-77.76527778
Kwethluk,60.79027778,-161.44361111
Kwigillingok,59.87555556,-163.16805556
La Crosse,43.87916667,-91.25666667
La Grande,49.457361109999994,-97.85513889
La Grande 4,53.75472222,-73.67527778
La Junta,38.05,-103.50972222
La Macaza,46.40916667,-74.78
La Porte,41.5725,-86.73444444
La Tabatiere,50.83083333,-58.97555556
La Tuque,47.40972222,-72.78888889
La Verne,34.09166667,-117.78166667
LaGrange,33.00888889,-85.0725
Labouchere Bay,56.28333333,-133.65
Lac La Ronge,55.15138889,-105.26694444
Laconia,43.57305556,-71.41777778
Lafayette,35.4564583325,-87.56826389
Lake Charles,30.183055556666663,-93.16990740666667
Lake City,30.18194444,-82.57694444
Lake Florence,57.81666667,-134.58333333
Lake Geneva,42.61444444,-88.39
Lake Hasselborg,57.7,-134.26666667
Lake Havasu City,34.514722219999996,-114.35972222
Lake Jackson,29.03833333,-95.45694444
Lake Minchumina,63.88583333,-152.30194444
Lake Placid,44.26444444,-73.96194444
Lake Providence,32.82583333,-91.18777778
Lake Simcoe,44.48611111,-79.55555556
Lake Tahoe,38.89388889,-119.99527778
Lake of the Ozarks,38.09611111,-92.54944444
Lakehurst,40.035,-74.35222222
Lakeland,27.98888889,-82.01861111
Lakeport,38.99055556,-122.90083333
Lakeview,42.16111111,-120.39916667
Lakewood,40.06694444,-74.1775
Lamar,38.06972222,-102.68861111
Lanai,20.78555556,-156.95138889
Lancaster,38.206296296666665,-92.39009259
Lancaster Cove,55.21666667,-132.08638889
Land O' Lakes,46.15416667,-89.21194444
Lander,42.81555556,-108.72833333
Lanett,32.81194444,-85.22972222
Lansdowne House,52.19555556,-87.93416667
Lansing,42.77861111,-84.58611111
Laramie,41.31194444,-105.675
Laredo,27.579861115,-99.49083333499999
Larsen Bay,57.535,-153.97666667
Las Cruces,32.28944444,-106.92194444
Las Vegas,36.030722224,-113.13155555399999
Lathrop,37.83666667,-121.27222222
Lathrop Wells,36.63472222,-116.4125
Latrobe,40.27305556,-79.41027778
Laura Lake,58.36194444,-152.31222222
Laurel,38.68875,-98.96611111
Lawrence,40.864166665,-83.17
Lawrenceburg,35.23444444,-87.25805556
Lawrenceville,36.371111115000005,-85.78402778
Lawton/Fort Sill,34.56777778,-98.41666667
Lazy Bay,56.89583333,-154.24583333
Leadville,39.21944444,-106.31638889
Leaf Rapids,56.51333333,-99.98527778
Leavenworth,39.36833333,-94.91472222
Lebanon,36.919305555,-89.48402778
Lebanon-Hanover,43.62611111,-72.30416667
Lebel-sur-Quevillon,49.03027778,-77.01722222
Leesburg,33.95041667,-79.682916665
Lemesurier Island,58.28444444,-136.08472222
Lemoore,36.33305556,-119.95222222
Leonardtown,38.31527778,-76.55
Lethbridge,49.63027778,-112.79972222
Levelland,33.55,-102.36666667
Levelock,59.12694444,-156.86
Lewisburg,36.682638885,-83.601666665
Lewiston,46.37444444,-117.01527778
Lewiston/Auburn,44.04833333,-70.28361111
Lewistown,47.04916667,-109.46666667
Lexington,38.97277778,-89.56703703666666
Libby,48.28388889,-115.49027778
Liberal,37.04388889,-100.96
Lihue,21.97611111,-159.33888889
Lik,68.08333333,-163.16666667
Lik Camp,68.16666667,-163.2
Lima,40.735416665,-84.103055555
Lime Village,61.35916667,-155.44027778
Limestone,46.95055556,-67.88583333
Limon,39.27472222,-103.66583333
Lincoln,40.504722220000005,-93.047083335
Lincolnton,35.48333333,-81.16111111
Linden,40.6175,-74.24444444
Little Port Walter,56.38333333,-134.83333333
Little Rock,34.78125,-92.239444445
Little Squaw,67.57,-148.18388889
Livengood,65.53111111,-148.54111111
Livermore,37.69333333,-121.82027778
Livingston,45.66666667,-110.56666667
Lloydminster,53.31055556,-110.07416667
Lock Haven,41.13583333,-77.42222222
Lodi,38.09166667,-121.35944444
Logan,39.823472225,-96.88374999999999
Lompoc,34.701388890000004,-120.52597222
London,43.03305556,-81.15111111
London/Corbin,37.08694444,-84.0775
Lone Pine,36.58861111,-118.04944444
Lone Rock,43.21194444,-90.17972222
Lonely,70.91083333,-153.24222222
Long Beach,33.81777778,-118.15138889
Long Island,54.9,-132.75
Longmont,40.16166667,-105.16138889
Longview,32.38388889,-94.71138889
Lopez Island,48.48388889,-122.93777778
Lorain/Elyria,41.34416667,-82.17763889
Loring,55.60166667,-131.635
Los Alamos,35.87972222,-106.26861111
Los Angeles,34.10097222,-118.41069444499999
Los Banos,37.06388889,-120.86972222
Lost Harbor,54.22611111,-165.61111111
Lost River,65.39611111,-167.16305556
Louisville,36.51611111333333,-86.82083333333333
Lovelock,40.06638889,-118.565
Lovington,32.95388889,-103.40888889
Lowell,41.23027778,-87.50777778
Lubbock,33.58185185333333,-101.89175926
Ludington,43.9625,-86.40805556
Lufkin,31.23416667,-94.75
Lumberton,37.271944445,-76.93333333
Lupin,65.75916667,-111.25138889
Lynchburg,37.32666667,-79.20111111
Lyndonville,44.56916667,-72.01805556
Lynn Lake,56.86444444,-101.07611111
Mackinac Island,45.865,-84.63722222
Macomb,40.52,-90.6525
Macon,32.71824074333333,-83.60101851666667
Madera,36.98638889,-120.1125
Madison,42.80916666666667,-86.32425926
Madisonville,37.35583333,-87.39833333
Madras,44.67027778,-121.15527778
Malad City,42.17055556,-112.28944444
Malden,36.59833333,-89.9925
Malina Bay,58.17194444,-152.89416667
Malta,48.36694444,-107.91944444
Mammoth Lakes,37.63111111,-118.85138889
Manassas,38.72111111,-77.515
Manchester,42.93277778,-71.43583333
Mandan,46.76805556,-100.89444444
Manhattan/Ft. Riley,39.14111111,-96.67166667
Manicouagan,50.6575,-68.8325
Manistee/Ludington,44.2725,-86.24694444
Manistique,45.97444444,-86.17166667
Manitowaning,45.8425,-81.8575
Manitowoc,44.12888889,-87.68055556
Mankato,44.193333335000005,-93.96180555500001
Manley Hot Springs,64.98805556,-150.6475
Manokotak,58.98166667,-159.05666667
Mansfield,43.54388888666667,-91.11731481333334
Mansons Landing,50.06944444,-124.98333333
Manteo,35.91888889,-75.69555556
Manzanita Lake,55.56666667,-131.05638889
Marana,32.50972222,-111.32527778
Marathon,36.741666665000004,-83.69861111
Marble Canyon,36.772638885,-111.69861111
Marco Island,25.995,-81.6725
Marfa,30.37111111,-104.0175
Marguerite Bay,55.7,-131.63333333
Marietta,33.91444444,-84.51416667
Marina,36.68166667,-121.76166667
Marina del Ray,33.96666667,-118.45
Marinette,45.12666667,-87.63861111
Marion,37.88824074000001,-85.35092592333335
Marion/Herrin,37.755,-89.01111111
Marion/Wytheville,36.89472222,-81.35
Mariposa,37.51083333,-120.03944444
Marlboro,42.34305556,-71.50888889
Marquette,46.35361111,-87.39527778
Marshall,44.482986115,-111.34027777749999
Marshalltown,42.11277778,-92.91777778
Marshfield,43.36722222,-80.43125
Martha's Vineyard,41.39333333,-70.61388889
Martinsburg,39.40222222,-77.98305556
Martinsville,36.62972222,-80.01666667
Marvel Creek Mine,60.90611111,-159.63916667
Mary Esther,30.42777778,-86.68916667
Mary's Harbour,52.30277778,-55.84777778
Marysville,39.48620370333333,-108.78601852000001
Mason City,43.15777778,-93.33111111
Massena,44.93638889,-74.845
Masset,54.02722222,-132.125
Matagami,49.76166667,-77.80277778
Matane,48.85638889,-67.45222222
Mattituck,40.98694444,-72.51916667
Mattoon/Charleston,39.47777778,-88.28
Maxton,34.79222222,-79.36583333
May Creek,61.33611111,-142.68583333
Mayaguez,18.25555556,-67.14833333
Mayfield,36.76972222,-88.58472222
Mayo,63.61666667,-135.86888889
Mayport,30.39138889,-81.42444444
McAlester,34.8825,-95.78333333
McCall,44.88861111,-116.10166667
McCarthy,61.43777778,-142.9025
McComb,31.17833333,-90.47194444
McCook,40.20638889,-100.59194444
McCord,57.13333333,-153.2
McDonald Lake,55.93722222,-131.81277778
McGrath,62.95277778,-155.60694444
McKinley Park,63.68875,-148.85430556
McMinnville,35.69861111,-85.84388889
McPherson,38.3525,-97.69138889
Meadowbank Nunavut,65.025,-96.07111111
Meadville,41.62666667,-80.21472222
Medford,43.73777778,-106.586944445
Medfra,63.10694444,-154.71666667
Medical Lake,47.65916667,-117.68166667
Medicine Hat,50.01888889,-110.72055556
Medina,41.13138889,-81.765
Mekoryuk,60.3725,-166.27027778
Melbourne,28.10277778,-80.64527778
Melfa,37.64694444,-75.76111111
Mels,56.23333333,-160.075
Memphis,35.0425,-89.97666667
Mena,34.54527778,-94.20277778
Mendota,36.75861111,-120.37138889
Merced,37.28472222,-120.51388889
Mercury,36.62,-116.03222222
Meridian,32.3325,-88.75194444
Merritt,50.12277778,-120.745
Merritt Island,28.615,-80.69444444
Mesa,33.46083333,-111.72833333
Meshik,56.76666667,-158.08527778
Mesquite,34.79,-105.293194445
Metlakatla,55.13333333,-131.58333333
Meyers Chuck,55.74,-132.25333333
Miami,27.380912698571425,-82.44853174428572
Michellville,38.94138889,-76.7725
Michigan City,41.70333333,-86.82111111
Middle Bass Island,41.68833333,-82.80805556
Middlebury,43.98555556,-73.09555556
Middleton,43.11416667,-89.53166667
Middleton Island,59.45,-146.30722222
Middletown,39.526527775,-80.06
Midland/Odessa,31.966851853333335,-102.23027777666668
Midlothian/Waxahachie,32.45833333,-96.9125
Midway Island,28.20444444,-177.37861111
Miles City,46.42805556,-105.88611111
Milford,38.42666667,-113.01333333
Millbrook,41.7075,-73.73805556
Millersburg,40.53666667,-81.95583333
Millington,35.35666667,-89.87055556
Millinocket,45.64777778,-68.68555556
Millville,39.36777778,-75.07222222
Milton,30.7225,-87.02388889
Milwaukee,43.02861111,-87.96569444
Minchumina,63.88583333,-152.30194444
Minden,39.00055556,-119.75111111
Mineola,32.67666667,-95.51083333
Mineral Wells,32.78166667,-98.06027778
Miners Bay,48.51666667,-123.18333333
Mingan,50.29,-64.15555556
Mink Island,50.11666667,-124.75
Minneapolis,44.979833332,-93.302555556
Minneapolis/St. Paul,44.93472222,-93.06027778
Minocqua/Woodruff,45.92805556,-89.73083333
Minot,48.336805555,-101.31805556
Minstrel Island,50.61888889,-126.31777778
Minto,65.14805556,-149.36861111
Miramichi,47.00583333,-65.45694444
Mission/McAllen/Edinburg,26.17583333,-98.23861111
Missoula,46.91638889,-114.09055556
Mitchell,43.77472222,-98.03861111
Mitrofania,56.00166667,-158.83333333
Moab,38.755,-109.75472222
Moberley,39.46333333,-92.42638889
Mobile,30.65902778,-88.15541667
Modesto,37.62583333,-120.95444444
Moffet Bay,55.42833333,-162.63
Mojave,35.05888889,-118.15055556
Mokuleia,21.57944444,-158.19722222
Moline,41.44833333,-90.5075
Molly Creek,64.09722222,-143.26666667
Moncks Corner,33.18555556,-80.03611111
Moncton,46.11166667,-64.67972222
Moneta,37.10777778,-79.5925
Monroe,33.77027777666667,-85.45083333333332
Monroeville,31.45805556,-87.35111111
Mont Joli,48.60916667,-68.20805556
Mont Laurier,46.56472222,-75.57611111
Montague,42.186527780000006,-97.49555556
Montague Island,59.925,-147.51666667
Montauk Point,41.07666667,-71.92055556
Monte Vista,37.52861111,-106.04583333
Monterey,36.58694444,-121.84305556
Montgomery,35.397870373333326,-82.34148148000001
Monticello,39.819444445,-92.070694445
Montpelier,42.33611111,-111.28888889
Montpelier/Barre,44.20361111,-72.56222222
Montreal,45.555833335,-73.73256944250001
Montrose,41.78888889,-75.89
Montrose/Delta,38.50972222,-107.89416667
Monument Valley,37.01666667,-110.20055556
Moose Lake,46.41861111,-92.80472222
Mooseville Airstrip,70.28444444,-152.21194444
Moosonee,51.29194444,-80.60833333
Morehead City,34.73416667,-76.66027778
Morganton,35.83333333,-81.61666667
Morgantown,39.64361111,-79.9175
Moroe,42.615,-89.59027778
Morrilton,35.13888889,-92.90916667
Morristown,38.48944444,-78.89527778
Morrisville,44.53444444,-72.61388889
Mosby,39.3325,-94.30972222
Moser Bay,57.02638889,-154.14361111
Moses Lake,47.175833335,-119.279722225
Moses Point,64.69805556,-162.05722222
Mosinee,44.7775,-89.66666667
Mould Bay,76.23916667,-119.32111111
Moultonboro,43.76833333,-71.38666667
Moultrie,31.13777778,-83.70416667
Moultrie/Thomasville,31.06944444,-83.80277778
Mount Holly,39.94277778,-74.84583333
Mount Pleasant,38.37513889,-89.856527775
Mount Sterling,38.05805556,-83.97944444
Mount Vernon,39.32611111,-85.69236111000001
Mountain Home,39.70625,-104.17152777999999
Mountain View,37.41611111,-122.04916667
Mountain Village,62.09472222,-163.68277778
Mountaintop Mine,61.39027778,-157.99555556
Mt. Clemens,42.61388889,-82.83694444
Mt. Pocono,41.13777778,-75.38
Muncie/Anderson/Newcastle,40.2425,-85.39583333
Murray,36.66444444,-88.37277778
Murray Bay,47.5975,-70.22388889
Murrieta/Temecula,33.57416667,-117.12833333
Muscatine,41.36777778,-91.14833333
Muscle Shoals,34.74527778,-87.61027778
Mush Bay,57.7,-153.47333333
Muskegon,43.16888889,-86.2375
Muskogee,35.65777778,-95.36166667
Muskoka,44.975,-79.30388889
Muskrat Dam,53.44138889,-91.76277778
Myrtle Beach,33.745694445,-78.82611111
Myrtle Creek,42.99722222,-123.31527778
Nacogdoches,31.57777778,-94.71
Nain,56.55055556,-61.68222222
Naknek,58.734444445,-157.01625
Naknek-1,58.70944444,-157.07138889
Nakochna,62.03611111,-151.45222222
Nanaimo,49.10222222,-123.901666665
Nanisivik,72.98222222,-84.61361111
Nantucket,41.25305556,-70.06
Nanwalek,59.296666665000004,-151.90125
Napa,38.21305556,-122.28055556
Napaimute,61.53638889,-158.73888889
Napakiak,60.69027778,-161.97861111
Napamute,61.53138889,-158.64083333
Napaskiak,60.70305556,-161.77833333
Naples,26.1525,-81.77555556
Nappanee,41.44611111,-85.93611111
Nashua,42.7825,-71.51416667
Nashville,36.15375,-86.782222225
Natashquan,50.19,-61.78888889
Natchez,31.61361111,-91.29722222
Naukiti,55.875,-133.22083333
Nebraska,40.60666667,-95.86666667
Needles,34.76638889,-114.62333333
Nellie Juan,60.55,-148.16666667
Nelson Lagoon,56.0075,-161.16027778
Nenana,64.54722222,-149.07388889
Nevada,37.8525,-94.30472222
New Bedford/Fall River,41.67666667,-70.95777778
New Bern/Morehead/Beaufort,35.07277778,-77.04305556
New Haven,41.26388889,-72.88694444
New Iberia,30.03777778,-91.88388889
New Jersey,40.33,-74.34666667
New London/Groton,41.33,-72.04527778
New Milford,41.56916667,-73.46194444
New Orleans,29.95435185,-90.10472222333333
New Philadelphia,40.47027778,-81.42
New Richmond,45.14777778,-92.53916667
New Smyrna Beach,29.05555556,-80.94888889
New Stuyahok,59.45166667,-157.37305556
New Ulm,44.31833333,-94.50166667
New York,40.73874999899999,-73.935611112
Newark,40.6925,-74.16861111
Newburgh,41.53333333,-72.04305556
Newburgh/Poughkeepsie,41.50416667,-74.10472222
Newcastle,43.88416667,-104.31444444
Newport,43.66694444666666,-89.18944444666666
Newport Beach,33.61388889,-117.88972222
Newport News/Hampton,37.08277778,-76.36055556
Newport News/Williamsburg,37.13194444,-76.49305556
Newtok,60.93916667,-164.64138889
Newton,37.347777773333334,-93.14416667
Niagara Falls,43.1075,-78.94583333
Niblack,55.06666667,-132.14583333
Nichen Cove,55.85,-133.21666667
Nightmute,60.46916667,-164.70416667
Nikiski,60.69027778,-151.28888889
Nikolai,63.01861111,-154.35833333
Nikolski,52.94166667,-168.84916667
Nimiuk Point,66.78333333,-162.01666667
Nimmo Bay,50.93888889,-126.68333333
Ninilchik,60.02027778,-151.58944444
Nixon Fork Mine,62.23388889,-154.73472222
Noatak,67.56166666499999,-162.97791667
Nogales,31.41777778,-110.84777778
Nome,64.5125,-165.44444444
Nondalton,59.98027778,-154.83916667
Noorvik,66.8175,-161.02222222
Nootka Sound,49.6,-126.61666667
Norfolk,38.605925926666664,-83.30842592666666
Norman,35.24555556,-97.47222222
Norman Wells,65.28138889,-126.79861111
North Adams,42.69638889,-73.17055556
North Bass Island,41.71805556,-82.82111111
North Battleford,52.76916667,-108.24444444
North Bay,46.36388889,-79.42416667
North Bend/Coos Bay,43.41694444,-124.24694444
North Kingstown,41.59833333,-71.414444445
North Platte,41.12611111,-100.68361111
Northampton,42.32805556,-72.61111111
Northeast Cape,63.32638889,-168.96888889
Northway,62.96111111,-141.92805556
Norway House,53.95833333,-97.84416667
Norwich,42.56638889,-75.52416667
Norwood,42.19055556,-71.17305556
Notchitoches,31.73583333,-93.09916667
Novato,38.10597222,-122.52958333000001
Nugget Creek,59.28833333,-136.17388889
Nuiqsut,70.20972222,-151.00638889
Nulato,64.72944444,-158.07416667
Nunapitchuk,60.90611111,-162.44055556
Nushagak Bay,57.45,-158.0
Nyac,60.98055556,-159.99361111
O'Neill,42.46944444,-98.68777778
Oak Harbor,48.25166667,-122.67361111
Oakland,38.476166668,-105.10916666600001
Ocala,29.17194444,-82.22416667
Ocean City,38.786944445,-74.865694445
Ocean Falls,52.36666667,-127.7
Ocean Shores,47.00555556,-124.15833333
Oceana,36.82277778,-76.03194444
Oceanic,60.2,-147.81666667
Oceano,35.10138889,-120.62222222
Oceanside,33.21805556,-117.35138889
Ofu,-14.18444444,-169.67
Ogallala,41.11944444,-101.76972222
Ogden,41.159722225,-111.99305556
Ogdensburg,44.68222222,-75.46333333
Ogoki,51.63333333,-85.95
Okeechobee,27.26666667,-80.85027778
Oklahoma City,35.44731481666667,-97.54481481333333
Olathe,38.83916666499999,-94.81388889
Old Crow,67.57,-139.84
Old Harbor,57.21833333,-153.26972222
Olean,42.24111111,-78.37138889
Olga Bay,57.16222222,-154.2275
Oliktok,70.49972222,-149.87944444
Olive Branch,34.97861111,-89.78694444
Olympia,46.96944444,-122.9025
Omaha,41.20620370333333,-95.97166666666668
Omak,48.46444444,-119.51805556
Omalik Lagoon,69.15555556,-163.49722222
Omolik Lagoon,69.14805556,-163.51027778
Oneonta,42.52472222,-75.06444444
Onida,44.70055556,-100.10138889
Onion Bay,58.06805556,-153.25388889
Ontario,39.037777775,-117.307083335
Opapimiskan Lake,52.60861111,-90.37694444
Ophir,63.14583333,-156.52888889
Orange,38.22157407666666,-89.39527777666667
Orangeburg,33.45694444,-80.85944444
Orlando,28.4120833325,-81.40722222250001
Oroville,39.48777778,-121.62194444
Ortonville,45.30416667,-96.42472222
Osage Beach,38.11055556,-92.68055556
Osceola,45.30944444,-92.69
Oscoda,44.45166667,-83.39416667
Oshawa,43.92277778,-78.89638889
Oshkosh,43.98444444,-88.55694444
Othello,46.79416667,-119.08
Ottawa,45.3225,-75.66722222
Ottumwa,41.10722222,-92.44694444
Ouzinkie,57.94222222,-152.465
Overton,36.56805556,-114.44333333
Ovid,42.65472222,-76.79638889
Owatonna,44.12333333,-93.26055556
Owensboro,37.73888889,-87.16694444
Oxford,38.301018516666666,-79.51601851666668
Oxnard/Ventura,34.20083333,-119.20722222
Ozark,31.27583333,-85.71333333
Ozona,30.73527778,-101.20222222
Pack Creek,57.8,-134.7
Paducah,37.06027778,-88.77305556
Paf Warren,58.72694444,-156.94333333
Page,36.92611111,-111.44833333
Pago Pago,-14.33,-170.71027778
Pagosa Springs,37.28638889,-107.05611111
Paimiut,61.96666667,-160.23333333
Painesville,41.73527778,-81.22055556
Painter Creek,57.15388889,-157.39694444
Pakuashipi,51.21,-58.65833333
Palacios,28.7275,-96.25083333
Palestine,31.77972222,-95.70638889
Palm Springs,33.82972222,-116.50666667
Palmdale,34.62944444,-118.08444444
Palmer,61.595,-149.08861111
Palo Alto,37.46111111,-122.115
Panama City,30.213333333333335,-85.68416666666667
Pangnirtung,66.145,-65.71361111
Paonia,38.83138889,-107.64583333
Paradise,39.71055556,-121.61638889
Paragould,36.06388889,-90.50916667
Paris,34.98625,-91.917638885
Park Rapids,46.90111111,-95.07305556
Parker,34.14972222,-114.26777778
Parkersburg,39.345,-81.43944444
Parks,57.43361111,-153.9
Parowan,37.85972222,-112.81583333
Parry Sound,45.2575,-79.82972222
Parsons,37.33083333,-95.50611111
Pascagoula,30.37638889,-88.49527778
Pasco/Kennewick/Richland,46.26472222,-119.11916667
Paso Robles,35.67277778,-120.62694444
Patching Lake,55.60611111,-131.48333333
Patterson,33.627916665,-106.24875
Patuxent River,38.28638889,-76.41
Pauloff Harbor,54.45,-162.68333333
Paxson,63.02444444,-145.50055556
Payette,44.09444444,-116.90361111
Payson,34.25694444,-111.33916667
Peace River,56.22722222,-117.44833333
Peach Springs,35.768194442500004,-113.54326388749999
Peachtree City,33.35777778,-84.5725
Peard Bay,70.8,-158.33333333
Peawanuck,54.98805556,-85.44333333
Pecos City,31.3825,-103.51083333
Pedro Bay,59.79694444,-154.13
Pelee Island,41.7775,-82.67805556
Pelican,57.95,-136.23333333
Pella,41.40111111,-92.94583333
Pellston,45.57083333,-84.79666667
Pembina,48.9425,-97.24055556
Pembroke,45.86444444,-77.25138889
Pender Harbour,49.62277778,-124.02527778
Pendleton,45.69472222,-118.84305556
Penn Yan,42.63694444,-77.05277778
Pensacola,30.432129626666665,-87.28092593000001
Penticton,49.4625,-119.60222222
Peoria,40.66416667,-89.69333333
Perkasie,40.38916667,-75.29055556
Perry,30.06916667,-83.58055556
Perry Island,60.68583333,-147.91666667
Perryville,55.90666667,-159.16083333
Peru,40.99916667,-87.65263888999999
Petaluma,38.25777778,-122.60527778
Peterborough,44.23055556,-78.36333333
Petersburg,47.898194445,-106.04597222000001
Peterson's Point,58.68333333,-156.83333333
Petrof Point,59.37638889,-150.765
Philadelphia,38.53111111,-77.93122222400001
Philipsburg,40.88444444,-78.08722222
Phillips,45.70888889,-90.4025
Phoenix,33.482638890000004,-111.94981481833334
Picayune,30.4875,-89.65111111
Pickens,34.81,-82.70277778
Pickle Lake,51.44638889,-90.21333333
Pierre,44.38277778,-100.28583333
Pikeville,37.56194444,-82.56638889
Pillar Bay,56.59805556,-134.24277778
Pilot Point,57.50277778,-157.65597222000002
Pilot Station,61.96138889,-162.9425
Pine Bluff,34.17444444,-91.93555556
Pine Mountain,32.84055556,-84.8825
Pine Ridge,43.02361111,-102.51666667
Pinedale,42.7975,-109.81111111
Pinehurst/Southern Pines,35.2375,-79.38916667
Pittsburg,37.45,-94.73111111
Pittsburgh,40.4831944425,-80.0511805575
Pittsfield,43.598055555,-71.332638885
Placerville,38.72416667,-120.75333333
Placida,26.85361111,-82.2525
Plainview,34.16805556,-101.71722222
Plainville,41.68944444,-72.86472222
Platinum,58.964722225,-161.770555555
Plattsburgh,44.669583329999995,-73.494583335
Pleasant Harbour,57.83333333,-153.25
Plymouth,41.636805555,-78.51402777999999
Pocahontas,42.74277778,-94.64722222
Pocatello,42.90972222,-112.59583333
Pogo Mines,64.44,-144.93638889
Point Baker,56.35,-133.61666667
Point Barrow,71.33861111,-156.63277778
Point Hope,68.34861111,-166.79916667
Point Lay,69.73277778,-163.00527778
Point Lookout,36.62583333,-93.22888889
Point Retreat,58.41083333,-134.95638889
Points North Landing,58.27666667,-104.0825
Polk Inlet,55.2,-132.23333333
Polson,47.69555556,-114.18527778
Pompano Beach,26.2475,-80.11111111
Ponca City,36.73194444,-97.09972222
Ponce,18.00888889,-66.56444444
Pond Inlet,72.68944444,-77.96888889
Pontiac,42.66555556,-83.42055556
Pope Vanoy,59.31666667,-154.91666667
Poplar,48.13444444,-105.16222222
Poplar Bluff,36.71111111,-90.31388889
Porcupine Creek,67.23777778,-150.28611111
Port Alexander,56.24722222,-134.64638889
Port Alice,55.78333333,-133.6
Port Alsworth,60.19388888500001,-154.32638889
Port Angeles,48.12027778,-123.49972222
Port Armstrong,56.29611111,-134.66138889
Port Ashton,60.0575,-148.05111111
Port Bailey,57.93333333,-153.03333333
Port Clarence,65.25333333,-166.8575
Port Clinton,41.51638889,-82.86944444
Port Frederick,58.033333335,-135.575
Port Graham,59.34861111,-151.83027778
Port Hardy,50.68055556,-127.36666667
Port Harvey,50.56888889,-126.27472222
Port Hawkesbury,45.65638889,-61.36833333
Port Heiden,56.95916667,-158.63333333
Port Hobron,57.15,-153.15
Port Hope Simpson,52.52805556,-56.28527778
Port Hueneme,34.11916667,-119.11972222
Port Huron,42.91083333,-82.52888889
Port Isabel,26.16611111,-97.34583333
Port Lions,57.885,-152.8475
Port McNeill,50.57555556,-127.02861111
Port Menier,49.83638889,-64.28861111
Port Moller,56.00611111,-160.56083333
Port Orchard,47.43222222,-122.66777778
Port Protection,56.32916667,-133.60833333
Port San Juan,60.05,-148.06666667
Port Townsend,48.05388889,-122.81055556
Port Vita,58.06555556,-153.0725
Port Wakefield,58.05277778,-153.05
Port Williams,58.43333333,-152.58333333
Portage Creek,58.90638889,-157.71111111
Portales,34.14555556,-103.41027778
Porterville,36.02944444,-119.06277778
Portland,41.94231481666667,-93.12749999666666
Portsmouth,40.959305560000004,-76.83527777500001
Post,33.20333333,-101.33833333
Poteau,35.02166667,-94.62138889
Potsdam,44.67666667,-74.94833333
Pottstown,40.25,-75.61375
Poughkeepsie,41.62666667,-73.88416667
Poulsbo,47.73388889,-122.64722222
Povungnituk,60.05222222,-77.2875
Powell,44.86722222,-108.79333333
Powell River,49.83416667,-124.50027778
Prairie Du Chien,43.01916667,-91.12361111
Pratt,37.7025,-98.74694444
Prescott,34.65472222,-112.41916667
Presque Isle/Houlton,46.68888889,-68.04472222
Prestonsburg,37.75111111,-82.63666667
Price,39.61388889,-110.75166667
Prince Albert,53.21444444,-105.67305556
Prince George,53.88416667,-122.6775
Prince Rupert,54.32972222,-130.27916667
Princess Lousia Inlet,50.20333333,-123.77111111
Princeton,42.799861115,-71.111666665
Princeton/Bluefield,37.29583333,-81.20777778
Prineville,44.28777778,-120.90527778
Prospect,42.7425,-122.48888889
Prospect Creek,66.81416667,-150.64361111
Prosser,46.21333333,-119.79555556
Providence,41.72222222,-71.42777778
Provincetown,42.07222222,-70.22083333
Provo,40.21916667,-111.72333333
Prudhoe Bay,70.25194444,-148.34277778
Ptarmigan Lake,61.86611111,-141.15972222
Puale Bay,57.73333333,-155.63333333
Pueblo,38.29,-104.49805556
Pulaski,35.15416667,-87.05694444
Pullman,46.74388889,-117.10944444
Pumice,57.17833333,-157.73333333
Punta Gorda,26.91888889,-81.99083333
Put-In-Bay,41.63666667,-82.82833333
Puviaq,70.71555556,-154.40694444
Quadra Island,50.06527778,-125.2275
Quebec,46.79111111,-71.39333333
Queens,58.87194444,-158.47166667
Quesnel,53.02611111,-122.51027778
Qugruc,70.37027778,-150.42111111
Quincy,42.33715278,-100.74486110999999
Quinhagak,59.755,-161.84527778
Racine,42.76111111,-87.81388889
Rainbow Lake,58.49138889,-119.40777778
Raleigh/Durham,35.87777778,-78.7875
Ramona,33.03916667,-116.91527778
Rampart,65.4925,-150.09583333
Rangeley,44.99194444,-70.66472222
Rangely,40.09388889,-108.76305556
Rankin Inlet,62.81055556,-92.11472222
Rantoul,40.29361111,-88.1425
Rapid City,44.09513889,-103.080416665
Raspberry Strait,58.03333333,-153.0
Raton,36.7425,-104.50166667
Ravenna,41.21027778,-81.25166667
Rawlins,41.80583333,-107.20027778
Rea Point,75.36416667,-105.72638889
Reading,40.37861111,-75.96527778
Red Bank,40.31666667,-74.03305556
Red Bluff,40.15027778,-122.25222222
Red Deer,52.185,-113.89444444
Red Devil,61.78805556,-157.35027778
Red Dog,68.03222222,-162.89916667
Red Fox Bay,58.46444444,-152.59305556
Red Lake,54.172222219999995,-124.06763889
Red Oak,41.01083333,-95.25888889
Red River,47.96111111,-97.40111111
Red Wing,44.58944444,-92.485
Redding,40.541250000000005,-122.350277775
Redlands,34.08527778,-117.14638889
Redondo Beach,33.81694444,-118.36666667
Reed City,43.89166667,-85.51666667
Reedsville,40.6775,-77.62694444
Refuge Cove,50.12416667,-124.83972222
Regina,50.43222222,-104.66611111
Rehoboth,38.71944444,-75.12666667
Reid Cove,55.2,-132.23833333
Rendezvous Islands,50.28611111,-125.05833333
Reno,39.583611115,-119.82222222499999
Renton,47.49305556,-122.21583333
Repulse Bay,66.52055556,-86.22472222
Reserve,30.0875,-90.58277778
Resolute Bay,74.71694444,-94.96944444
Reston,38.96194444,-77.35805556
Rexburg,43.83388889,-111.805
Rhinelander,45.63083333,-89.46666667
Rice Lake,45.47916667,-91.72277778
Richfield,38.73416667,-112.10166667
Richland,42.09027778,-105.856111115
Richmond,38.001666668,-80.29127777800001
Rifle,39.52666667,-107.72805556
Rigby,43.6425,-111.92944444
Rimouski,48.47777778,-68.49638889
Riverside,33.94055555333333,-117.37148148
Riverton/Lander,43.06416667,-108.45972222
Riviere-Du-Loup,47.76444444,-69.58444444
Riviere-au-Tonnerre,50.28333333,-64.75
Roanoke,37.32555556,-79.97555556
Roanoke Rapids,36.43944444,-77.70944444
Robbinsville,40.21388889,-74.60166667
Roberval,48.52,-72.26583333
Roche Harbor,48.61222222,-123.13861111
Rochester,43.67629629666666,-87.55083333333334
Rock Hill,34.98777778,-81.05722222
Rock Springs,41.59416667,-109.06527778
Rockford,42.19527778,-89.09722222
Rockingham,34.89138889,-79.75972222
Rockland,44.06,-69.09916667
Rockport,28.08611111,-97.04361111
Rocksprings,29.94694444,-100.17388889
Rockwood,35.92222222,-84.68972222
Rocky Mount,35.85638889,-77.89194444
Rodman Bay,57.46666667,-135.4
Rogers,36.3725,-94.10694444
Rolla,37.93555556,-91.81361111
Roma,26.58333333,-99.13333333
Rome,38.79236111,-80.282777775
Roosevelt,40.27833333,-110.05138889
Rosamond,34.87055556,-118.20555556
Rosario,48.63333333,-122.85
Roseau,48.85638889,-95.69694444
Roseburg,43.23944444,-123.35583333
Roswell,33.3,-104.52944444
Rota,14.17444444,145.24111111
Roundup,46.475,-108.54333333
Rouyn-Noranda,48.20611111,-78.83555556
Rowan Bay,56.65,-134.28333333
Roxboro,36.28472222,-78.98472222
Ruby,64.72722222,-155.47
Ruidoso,33.46083333,-105.53027778
Russell,38.87138889,-98.81166667
Russellville,36.029444444999996,-89.95208333
Russian Mission,61.775,-161.31944444
Ruston,32.51472222,-92.58833333
Rutland,43.52972222,-72.94972222
Sachigo Lake,53.89111111,-92.19638889
Sacramento,38.607777780000006,-121.44548610999999
Safford,32.85333333,-109.635
Saginaw Bay,56.88333333,-134.15
Saginaw/Bay City/Midland,43.53305556,-84.07972222
Saglek,58.47444444,-62.65361111
Saguenay,48.33055556,-70.99638889
Sagwon,69.36638889,-148.70444444
Saint John,45.31611111,-65.89027778
Saipan,15.12027778,145.73
Salem,41.77611111,-105.983333335
Salida,38.53833333,-106.04861111
Salina,38.909861115,-104.745277775
Salinas/Monterey,36.66277778,-121.60638889
Salisbury,36.993055555,-78.01486111
Salmon,45.12333333,-113.88138889
Salmon Arm,50.6825,-119.22861111
Salmon Bay Lake,56.23722222,-133.18888889
Salome,33.7875,-113.6425
Salt Lake City,40.703888885,-111.98527777999999
Saltery Cove,55.40861111,-132.32916667
San Angelo,31.35777778,-100.49638889
San Antonio,29.469583335,-98.42652778
San Bernardino,34.08138889,-117.25486111000001
San Carlos,37.51194444,-122.24944444
San Clemente Island,33.02277778,-118.58861111
San Diego,32.75245370166667,-117.10634259333335
San Francisco,37.765833333333326,-122.45064815
San Jose,37.36305556,-121.92861111
San Juan,31.543148146666667,-95.14111111
San Luis Obispo,35.23722222,-120.6425
San Marcos,29.89277778,-97.86305556
San Pedro,33.74861111,-118.275
Sandpoint,55.31361111,-160.52138889
Sandspit,53.25416667,-131.81388889
Sandusky,41.43333333,-82.65222222
Sandy,56.23333333,-160.22583333
Sandy River,56.24444444,-160.38638889
Sanford,35.91777777666667,-77.01481481666667
Santa Ana,33.66990741,-117.81777777666666
Santa Barbara,34.42611111,-119.84138889
Santa Fe,35.61722222,-106.08944444
Santa Maria,34.9,-120.45805556
Santa Monica,34.01583333,-118.45138889
Santa Paula,34.34694444,-119.06166667
Santa Rosa,38.50972222,-122.81277778
Santa Ynez,34.60694444,-120.07513889
Saranac Lake/Lake Placid,44.38527778,-74.20611111
Sarasota/Bradenton,27.39555556,-82.55444444
Saratoga,41.44361111,-106.8275
Saratoga Springs,43.05083333,-73.86166667
Sarnia,42.99972222,-82.30944444
Saskatoon,52.17083333,-106.69972222
Sault Ste. Marie,46.364652777500005,-84.4540277775
Savannah,32.068749999999994,-81.174166665
Savoonga,63.68638889,-170.49305556
Scammon Bay,61.84444444,-165.57361111
Schefferville,54.80527778,-66.80527778
Schenectady,42.8525,-73.92861111
Scott,38.23444444,-84.43472222
Scottsbluff,41.87416667,-103.59555556
Scottsboro,34.68861111,-86.00583333
Scranton/Wilkes-Barre,41.33833333,-75.72333333
Seaice,66.65,-107.7
Seal Bay,58.38333333,-152.23333333
Sealing Point,67.11666667,-163.75
Searchlight,35.44444444,-114.90944444
Searcy,35.21055556,-91.7375
Seattle,47.57013888833333,-122.32546296166667
Sebastian,27.81333333,-80.49555556
Sebring,27.45638889,-81.3425
Sechelt,49.46055556,-123.71861111
Sedalia,38.7075,-93.17583333
Sedona,34.84861111,-111.78833333
Selawik,66.683194445,-160.069305555
Selby Lake,66.95583333,-155.615
Seldovia,59.44388889,-151.705
Selief Bay,58.98277778,-153.18333333
Selinsgrove,40.82111111,-76.86416667
Selma,32.396944445,-86.96888889
Selmer,35.20305556,-88.49833333
Seneca,42.71527778,-76.88222222
Seneca Falls,42.88361111,-76.78111111
Sept-Iles,50.22333333,-66.26555556
Sequim,48.09777778,-123.18694444
Serpentine,65.85138889,-164.70277778
Sevierville,35.85777778,-83.52861111
Sewanee,35.20527778,-85.89805556
Seward,60.13,-149.41694444
Seward Peninsula,65.77277778,-165.89027778
Seymour,38.92472222,-85.90833333
Shafter,35.5075,-119.19222222
Shageluk,62.69222222,-159.56916667
Shaktoolik,64.37111111,-161.22388889
Shannon Pond,59.03916667,-158.46388889
Shaw Island,48.58527778,-123.00861111
Shawl Bay,50.84833333,-126.56583333
Shawnee,35.35722222,-96.94277778
Shearwater,57.34333333,-152.89722222
Sheboygan,43.76972222,-87.85166667
Sheep Mountain,61.81138889,-147.50916667
Shelby,35.25583333,-81.60083333
Shelbyville,39.58305556,-85.80472222
Shelbyville/Tullahoma,35.55944444,-86.4425
Sheldon Point,62.52055556,-164.84777778
Shell Lake,61.96388889,-151.55583333
Shelton,47.23361111,-123.1475
Shemya,52.71222222,174.11361111
Shenandoah,40.75166667,-95.41361111
Sherbrooke,45.43861111,-71.69138889
Sheridan,44.76916667,-106.98027778
Sherman-Denison,33.7,-96.66666667
Shingletown,40.52222222,-121.81666667
Shirley,40.82194444,-72.86694444
Shirleyville,61.01361111,-151.40694444
Shishmaref,66.24944444,-166.08944444
Shisholik,67.0,-162.83333333
Shoal Bay,50.45861111,-127.85611111
Shoal Cove,55.45,-131.28333333
Show Low,34.26555556,-110.00555556
Shreveport,32.496296296666664,-93.74435185333334
Shrimp Bay,55.83444444,-131.48472222
Shungnak,66.88805556,-157.1625
Sidney,43.703055553333336,-94.19777777666667
Sikeston,36.89888889,-89.56166667
Siler City,35.70416667,-79.50416667
Silver City,61.02888889,-138.4075
Silver City/Hurley,32.63666667,-108.15638889
Silver Salmon Creek,59.96388889,-152.68222222
Simoom Sound,50.75194444,-126.50111111
Simsbury,41.93277778,-72.77694444
Sioux City,42.4025,-96.38444444
Sioux Falls,43.58194444,-96.74194444
Sioux Lookout,50.11416667,-91.90555556
Sitka,57.04694444,-135.36111111
Sitkinak,56.53277778,-154.11388889
Sivinuvik,66.88333333,-161.48333333
Skagway,59.46,-135.31555556
Skaneateles,42.91388889,-76.44083333
Skwentna,61.96611111,-151.19527778
Slaton,33.48527778,-101.66166667
Slave Lake,55.29305556,-114.77722222
Sleetmute,61.70055556,-157.16583333
Smith Bay,70.76583333,-154.23083333
Smith Cove,55.45472222,-132.35194444
Smithers,54.82527778,-127.18277778
Smithfield,38.730833329999996,-74.94083333500001
Smyrna,36.00888889,-86.52
Snap Lake,63.585,-110.9
Snettisham,58.13444444,-133.72944444
Snyder,32.69333333,-100.95055556
Socorro,34.0225,-106.90305556
Soda Springs,42.64861111,-111.58194444
Sointula,50.64083333,-127.03138889
Soldotna,60.47527778,-151.03972222
Solomon,64.56055556,-164.44222222
Somerset,37.05361111,-84.61555556
Somerville,40.62611111,-74.67
Sonora,30.58555556,-100.64861111
Sonora Island,50.38305556,-125.15527778
South Bend,41.70833333,-86.31722222
South Boston,36.70861111,-78.84861111
South Naknek,58.717638885,-156.97625
South St. Paul,44.85722222,-93.03277778
South Weymouth,42.14861111,-70.94027778
Southampton,40.84722222,-72.46388889
Southbridge,42.10111111,-72.03888889
Sparrevohn,61.09722222,-155.57472222
Sparta,36.05694444,-85.53
Spartanburg,34.91583333,-81.95638889
Spearfish,44.48111111,-103.78611111
Spencer,43.16555556,-95.20277778
Spokane,47.63907407666667,-117.50462963
Springdale,36.17638889,-94.11916667
Springerville,34.12944444,-109.31083333
Springfield,39.362055557999994,-85.269055556
Springwater,44.40638889,-79.73166667
Squaw Lake,67.58055556,-148.16472222
St Stephen,45.2075,-67.25055556
St. Anthony,47.67111111,-83.88388889
St. Augustine,29.95916667,-81.33972222
St. Catharines,43.19166667,-79.17111111
St. Cloud,45.548333334999995,-94.13
St. George,37.03638889,-113.51027778
St. George Island,56.60083333,-169.56416667
St. James,45.69222222,-85.56666667
St. John,18.33333333,-64.75
St. John's,47.61861111,-52.7525
St. Johns,34.51861111,-109.37888889
St. Joseph,39.77194444,-94.90972222
St. Leonard,47.18,-67.89277778
St. Louis,38.66074074,-90.39305555333333
St. Mary's,62.06083333,-163.30194444
St. Marys,41.4125,-78.5025
St. Michael,63.49,-162.11027778
St. Paul,57.16638889,-170.2225
St. Petersburg,27.90861111,-82.68638889
St. Theresa Point,53.84555556,-94.85222222
Stafford,38.39805556,-77.45555556
Stanley,48.30083333,-102.40638889
Stanton,44.47555556,-93.01638889
Starkville,33.43305556,-88.84861111
State College,40.85,-77.8475
Statesboro,32.48277778,-81.73694444
Statesville,35.765,-80.95388889
Staunton,38.26388889,-78.89638889
Steamboat Bay,55.51666667,-133.63333333
Steamboat Springs,40.51611111,-106.86638889
Stebbins,63.51583333,-162.27805556
Steep Island,50.08138889,-125.25333333
Stehekin,48.3,-120.65
Stephenville,48.54444444,-58.55
Stepovak,55.83333333,-159.86666667
Sterling,41.52,-87.528472225
Sterling/Rockfalls,41.74277778,-89.67638889
Stevens Point,44.54527778,-89.53027778
Stevens Village,66.01694444,-149.05444444
Stevensville,46.525,-114.05277778
Stewart,55.93333333,-129.98333333
Stillwater,36.16138889,-97.08583333
Stockton,37.89416667,-121.23833333
Stone Mountain,33.81111111,-84.11944444
Stonington,44.17333333,-68.68027778
Stony Rapids,59.25027778,-105.84138889
Stony River,61.78972222,-156.58861111
Storm Lake,42.59722222,-95.24055556
Stow,42.46055556,-71.51777778
Stratford,43.41583333,-80.93416667
Stroudsburg,41.03583333,-75.16055556
Stuart,27.18166667,-80.22138889
Stuart Island,48.67277778,-123.17583333
Sturgeon Bay,44.84361111,-87.42166667
Sturgis,39.670833335,-86.68555555500001
Stuttgart,34.59944444,-91.575
Sudbury,46.62555556,-80.79777778
Sugar Land,29.62222222,-95.65666667
Sullivan Bay,50.88333333,-126.8
Sulphur Springs,33.15972222,-95.62111111
Summerside,46.44055556,-63.83361111
Summerville,33.06222222,-80.28083333
Summit,63.33111111,-149.12888889
Sumter,33.98388889,-80.41597222499999
Sun Valley/Hailey/Ketchum,43.50388889,-114.29555556
Sundance,44.39027778,-104.39833333
Sunriver,43.87638889,-121.45305556
Superior,46.68972222,-92.09472222
Sussex,41.20027778,-74.62305556
Sweetwater,32.46722222,-100.46666667
Swift Current,50.2925,-107.69083333
Sydney,46.16138889,-60.04805556
Sylacauga,33.17194444,-86.30555556
Syracuse,43.11111111,-76.10638889
Tacoma,47.161666669999995,-122.54509259333334
Tahsis,49.91694444,-126.65
Takotna,62.99305556,-156.02972222
Taku Lodge,58.49,-133.94166667
Talkeetna,62.32138889,-150.09277778
Talladega,33.56944444,-86.05111111
Tallahassee,30.39666667,-84.35083333
Taloyoak,69.54666667,-93.57694444
Tampa,27.87638889,-82.53270833
Tanacross,63.37416667,-143.32888889
Tanana,65.17444444,-152.10805556
Taos,36.45166667,-105.67305556
Tarentum,40.64222222,-79.85611111
Tasiujuaq,58.66777778,-69.95583333
Tatalina,62.895,-155.97805556
Tatitlek,60.8725,-146.69111111
Tau,-14.22916667,-169.51111111
Taunton,41.87444444,-71.01638889
Taylor,50.065972224999996,-137.456944445
Taylor Mountain Mine,60.86777778,-157.39194444
Tehachapi,35.135,-118.43916667
Telaquana Lake,60.95527778,-153.9075
Telegraph Harbour,48.98333333,-123.65
Telida,63.37888889,-153.28416667
Teller,65.24027778,-166.33944444
Telluride,37.95388889,-107.90888889
Temple,31.15194444,-97.41611111
Tenakee,57.71666667,-135.2
Terrace,54.46861111,-128.57833333
Terrace Bay,48.81333333,-87.09944444
Terre Haute,39.45055556,-87.30694444
Terrell,32.70861111,-96.26722222
Terror Lake,57.96388889,-153.05833333
Teshepkuk Lake,70.35833333,-153.19666667
Teterboro,40.85,-74.06083333
Tetlin,63.12472222,-142.51861111
Texarkana,33.45361111,-93.99111111
The Dalles,45.61944444,-121.16833333
The Pas,53.97138889,-101.09111111
Thermal,33.62666667,-116.15972222
Thermopolis,43.65833333,-108.21305556
Thetford Mines,46.05222222,-71.2575
Thief River Falls,48.06555556,-96.185
Thomaston,32.955,-84.26416667
Thomasville,30.90194444,-83.88111111
Thompson,55.80472222,-97.8625
Thomson,33.52972222,-82.51694444
Thorne Bay,55.68833333,-132.535
Three Forks,45.878333335,-111.569305555
Thunder Bay,48.37194444,-89.32166667
Ticonderoga,43.87722222,-73.41305556
Tifton,31.42944444,-83.48916667
Tikchik Lodge,59.95555556,-158.48055556
Timmins,48.57055556,-81.37666667
Tin City,65.56416667,-167.9225
Tinian,14.99916667,145.61944444
Titusville,28.51472222,-80.79916667
Tofino,49.11611111,-125.58625
Togiak,59.05361111,-160.39666667
Togiak Fish,59.05,-160.28333333
Tok,63.32944444,-142.95361111
Tokeen,55.9375,-133.325
Toksook,60.54138889,-165.08722222
Toledo,41.61847222,-83.67055555499999
Tolstoi Bay,55.73333333,-132.43333333
Toms River,39.92611111,-74.29555556
Tonopah,37.929583335000004,-116.93388888499999
Topeka,39.01481481333334,-95.68138889
Toronto,43.7275,-79.444583335
Torrance,33.80333333,-118.33972222
Torrington,42.06444444,-104.15277778
Toughkenamon,39.83055556,-75.76972222
Townsend,46.33111111,-111.4825
Tracy,37.68888889,-121.44166667
Tracy Arm,57.91138889,-133.40222222
Trading Bay,60.81555556,-151.79888889
Traverse City,44.74166667,-85.58194444
Trenton,42.197777779999996,-76.17069444500001
Trinidad,37.25972222,-104.33916667
Trois Rivieres,46.35166667,-72.68055556
Trona,35.81277778,-117.32694444
Troutdale,45.54944444,-122.40138889
Troy,31.86,-86.01388889
Truckee,39.32,-120.13944444
Truth Or Consequences,33.23527778,-107.27
Tsui River,60.07472222,-143.08666667
Tucson,32.23157407333333,-111.01527777666666
Tucumcari,35.18277778,-103.60305556
Tuktoyaktuk,69.43333333,-133.02638889
Tulare,36.15666667,-119.32666667
Tulelake,41.89055556,-121.36055556
Tullahoma,35.386250000000004,-86.16611111
Tulsa,36.118888885,-95.93638888999999
Tuluksak,61.08777778,-160.92333333
Tunica,34.685,-90.34777778
Tuntutuliak,60.335,-162.65388889
Tununak,60.56944444,-165.24638889
Tupelo,34.26888889,-88.77
Tuscaloosa,33.22055556,-87.61138889
Tuskegee,32.49194444,-85.77555556
Tuxekan Island,55.84972222,-133.22777778
Twentynine Palms,34.13166667,-115.94583333
Twin Falls,42.48194444,-114.48777778
Twin Hills,59.07444444,-160.275
Twin Lakes,60.65277778,-154.03611111
Two Harbors,33.425,-118.50833333
Tyler,32.35388889,-95.40277778
Tyonek,61.07666667,-151.13805556
Uganik,57.75,-153.31666667
Ugashik,57.51537037,-157.39185185333332
Ukiah,39.12583333,-123.20083333
Ulysses,37.60388889,-101.37361111
Umiat,69.37111111,-152.135
Umnak,53.30027778,-168.15986111
Unalakleet,63.88861111,-160.79916667
Unalaska,53.89888889,-166.545
Union City,36.37972222,-88.98583333
Unuk River,56.08333333,-131.96666667
Upolo Point,20.26527778,-155.86
Uranium City,59.56138889,-108.48138889
Usibelli,63.86666667,-148.78333333
Utica/Rome,43.14138889,-75.38027778
Utopia,65.99277778,-153.70361111
Uvalde,29.21138889,-99.74361111
Val d'Or,48.05333333,-77.78277778
Valdez,61.13416667,-146.24472222
Valdosta,30.875,-83.234583335
Valentine,42.85666667,-100.54888889
Valkaria,27.96083333,-80.55833333
Valparaiso,35.96861111,-86.76611111
Van Horn,31.05777778,-104.78388889
Van Nuys,34.20972222,-118.49
Vancouver,48.03842592666666,-122.99120370333333
Venetie,67.00861111,-146.36638889
Venice,27.07166667,-82.44027778
Ventura,33.23972222,-119.45833333
Vernal,40.43611111,-109.51138889
Vero Beach,27.65555556,-80.41805556
Versailles,38.42777778,-92.875
Vichy,38.1275,-91.76944444
Vicksburg,32.23916667,-90.92805556
Victoria,41.97416666666666,-114.57731481333333
Victorville,34.5975,-117.38305556
Vidalia,32.19277778,-82.37111111
Viekoda Bay,57.84944444,-153.11527778
Vieques,18.13472222,-65.49361111
View Cove,55.06666667,-133.01666667
Village Islands,57.77416667,-153.54472222
Visalia,36.31861111,-119.39277778
Volcano Bay,53.81444444,-167.11944444
Vrems,57.85694444,-157.08666667
Wabush,52.92277778,-66.86472222
Waco,31.625,-97.152222225
Wadena,46.45,-95.21083333
Wadesboro,35.02055556,-80.07722222
Waikoloa Village,19.91361111,-155.86388889
Wainwright,70.63805556,-159.99472222
Wake Island,19.2825,166.63666667
Wales,65.6225,-168.095
Walla Walla,46.09527778,-118.28583333
Walnut Ridge,36.12472222,-90.925
Walterboro,32.92111111,-80.64055556
Waltham,42.3675,-71.23472222
Wapakoneta,40.49361111,-84.29805556
Warren,44.1175,-72.82694444
Warroad,48.94138889,-95.34833333
Warsaw,41.27472222,-85.84
Wasco,35.61972222,-119.35361111
Washington,38.548571428571435,-79.55404761857142
Washington Court House,39.57027778,-83.42055556
Wasilla,61.578055555000006,-149.498055555
Waterbury,41.47861111,-73.13527778
Waterfall,55.29722222,-133.24055556
Waterloo,42.55694444,-92.40027778
Watertown,44.452916665000004,-86.58708333
Waterville,47.65611111,-120.05638889
Watson Lake,60.11638889,-128.8225
Watsonville,36.93555556,-121.78944444
Waukegan,42.42222222,-87.86777778
Waukesha,43.04111111,-88.23694444
Wausau,44.92638889,-89.62666667
Wawa,47.96694444,-84.78638889
Waycross,31.24833333,-82.39527778
Webster City,42.43638889,-93.86888889
Weed,41.48083333,-122.45444444
Wellington,37.32361111,-97.38833333
Wells,41.11722222,-114.92222222
Wenatchee,47.39888889,-120.20694444
Wendover,40.71861111,-114.02861111
West Chester,39.99,-75.58194444
West Creek,39.66555556,-74.30805556
West Dover,42.92722222,-72.86555556
West Memphis,35.135,-90.23444444
West Milford,41.12833333,-74.34666667
West Palm Beach/Palm Beach,26.68305556,-80.09555556
West Point,57.76694444,-153.55
West Yellowstone,44.68833333,-111.11777778
Westerly,41.34972222,-71.80333333
Westfield,42.15805556,-72.71583333
Westhampton,40.84361111,-72.63166667
Westminster,39.60833333,-77.00777778
Westsound,48.66666667,-122.88333333
Whale Pass,56.11666667,-133.11666667
Whalers Cove Lodge,57.46666667,-134.56666667
Wharton,29.25416667,-96.15444444
Wheatland,42.05611111,-104.93861111
Wheeling,40.175,-80.64638889
Whidbey Island,48.35194444,-122.65583333
Whistler,51.42944444,-121.20972222
White Mountain,64.68916667,-163.41277778
White Plains,41.06694444,-73.7075
White River,48.58333333,-85.25
Whitebear,61.18888889,-159.85833333
Whitefield,44.3675,-71.54583333
Whitehorse,60.70944444,-135.06722222
Whiteriver,33.81055556,-109.98583333
Whitesburg,37.11666667,-82.81666667
Whiteville,34.27277778,-78.715
Whitmore,36.25638889,-113.23083333
Whittier,60.77722222,-148.72166667
Wichita,37.672611112,-97.27744444599999
Wichita Falls,33.924722225,-98.49111110999999
Wickenburg,33.97055556,-112.795
Wide Bay,57.37138889,-156.4125
Wien Lake,64.35277778,-151.275
Wilbur,47.75333333,-118.745
Wildman Creek,56.25,-159.91666667
Wilkesboro,36.22361111,-81.09861111
Williams,35.30555556,-112.19444444
Williams Lake,52.18333333,-122.05416667
Williamsburg,37.23916667,-76.71611111
Williamsport,41.24166667,-76.92194444
Willimantic,41.74416667,-72.18027778
Williston,38.766805559999995,-93.05708333
Willits,39.45138889,-123.37222222
Willmar,45.11694444,-95.12944444
Willow,61.75416667,-150.05166667
Willow Grove,40.19972222,-75.14805556
Willows,39.51583333,-122.21722222
Wilmington,37.79259259333333,-79.10055555666666
Winchester,37.160555555,-82.10527777499999
Winder,33.98277778,-83.6675
Windom,43.91333333,-95.10944444
Window Rock,35.65194444,-109.0675
Windsor,42.27611111,-82.95527778
Winfield,37.16861111,-97.0375
Winnemucca,40.89666667,-117.80583333
Winnipeg,49.91,-97.24
Winnsboro,34.31583333,-81.10861111
Winona,44.07972222,-91.71166667
Winslow,35.02166667,-110.72305556
Winston-Salem,36.13361111,-80.22194444
Winters,31.94722222,-99.98583333
Winthrop,48.425,-120.14583333
Wiscasset,43.96138889,-69.7125
Wisconsin Rapids,44.36055556,-89.83805556
Wise,36.9875,-82.53
Wiseman,67.405,-150.12083333
Woburn,42.39722222,-71.15277778
Wolf Point,48.09444444,-105.575
Wollaston Lake,58.10694444,-103.1725
Wood River,59.06666667,-134.75
Woodlake,36.39888889,-119.10694444
Woodland,38.67388889,-121.87194444
Woodward,36.43805556,-99.52277778
Wooster,40.87472222,-81.88833333
Worcester,42.26722222,-71.87555556
Worland,43.96277778,-107.95055556
Worthington,43.655,-95.57916667
Wrangell,56.48444444,-132.36972222
Wrigley,63.20972222,-123.43666667
Wunnumin Lake,52.89388889,-89.28916667
Yakima,46.56805556,-120.54416667
Yakutat,59.50333333,-139.66027778
Yankee Creek,63.00194444,-156.36722222
Yankton,42.91666667,-97.38583333
Yantarni Bay,56.88333333,-156.56666667
Yarmouth,43.82722222,-66.08833333
Yellowknife,62.46305556,-114.44027778
Yes Bay,55.91611111,-131.80111111
York,40.406666665,-87.24861111499999
Yorkton,51.26472222,-102.46138889
Yosemite National Park,37.75,-119.58333333
Youngstown/Warren,41.26166667,-80.68027778
Yukon Charley Rivvers,65.31166667,-143.13416667
Yuma,32.65666667,-114.60583333
Zachar Bay,57.55,-153.75
Zanesville,39.94444444,-81.89194444
Zephyrhills,28.22805556,-82.15611111
Zips,60.43333333,-151.48333333
Zuni Pueblo,35.08333333,-108.79166667
